0.004614000000003671	,0.0	,0.0	,0.0	,0.0	,0.0	,0.01282286980199764	,0.0	,0.13398513993274289	,0.0	,0.7014042047303863
0.026018000000007646	,2.9244296991487505E-4	,0.0	,0.020234133484802973	,0.0	,0.7520489811699512	,0.014214820196410677	,0.0	,0.1410700119620571	,0.0	,0.701264688525779
0.04570700000000727	,8.76986862701625E-4	,0.0	,0.0350397147217593	,0.0	,0.7186654229000139	,0.017144758697509768	,0.006385526140747639	,0.15492792574779302	,0.5853398962352002	,0.7010448786746979
0.0659780000000012	,0.001752948251613	,0.0	,0.04953915171112845	,0.025826446280991736	,0.7095139043057112	,0.020420615991183763	,0.012238925103099641	,0.16908241300518884	,0.23945723027803645	,0.7008736608211901
0.08586400000000083	,0.002919303664875	,0.0012913223140495868	,0.06392984538402235	,0.06456611570247935	,0.7057503332520823	,0.023936004361614114	,0.017826260476253825	,0.1830584772859746	,0.2793667686577092	,0.7007419694207273
0.10632300000000328	,0.004326224365888953	,0.0030991735537190084	,0.07782489391091094	,0.10330578512396695	,0.7038885107983721	,0.02773788012817427	,0.023945723027803643	,0.19706098593949006	,0.305973127577491	,0.7006370646130424
0.12666099999999858	,0.006020704100827001	,0.005681818181818182	,0.09180950790172995	,0.1291322314049587	,0.7027943306543105	,0.031821565551495484	,0.03086337634694692	,0.2110691634798737	,0.35918584541705467	,0.7005522730018188
0.14621300000000303	,0.008000769596853514	,0.008135330578512397	,0.10583514272487626	,0.1162190082644628	,0.7021003079976105	,0.036182057432224524	,0.03911134761207929	,0.22506639110518975	,0.4390049221764002	,0.7004828418145449
0.1666969999999992	,0.0102900092470148	,0.010976239669421487	,0.1200250513260491	,0.14204545454545453	,0.7017545386707812	,0.04086368117875196	,0.03911134761207929	,0.23918435076369973	,0.4390049221764002	,0.7004247772429865
0.18659600000000864	,0.01282286980199764	,0.014204545454545454	,0.13398513993274289	,0.18078512396694213	,0.7014042047303863	,0.04576118943657923	,0.06092856192630038	,0.25311196180981005	,0.5454303578555274	,0.7003767403588068
0.21676399999999774	,0.017144758697509768	,0.022985537190082644	,0.15492792574779302	,0.24535123966942152	,0.7010448786746979	,0.053702606066277796	,0.07383264600239457	,0.2741963684894254	,0.6651589729945456	,0.700317458411661
0.24705400000000566	,0.02215495735565583	,0.027892561983471075	,0.17611626925959487	,0.24535123966942152	,0.7008034760896977	,0.06519087982841963	,0.10070506851137422	,0.30210467020519105	,0.6784621524544366	,0.7002756124715365
0.26665200000000766	,0.025814089383205077	,0.033961776859504134	,0.1901045110892612	,0.30991735537190085	,0.70068629136665	,0.06826605191575089	,0.1149394705334575	,0.3091479786155023	,0.7050685113742184	,0.7002620285190752
0.2863980000000055	,0.029757406333260513	,0.0409349173553719	,0.2041087182522213	,0.36157024793388426	,0.7005922272173984	,0.07457794987422714	,0.12997206332313424	,0.32312401616704084	,0.7449780497538911	,0.7002376561426562
0.30773700000000304	,0.03398006647233464	,0.04803719008264463	,0.2181102772940066	,0.36157024793388426	,0.7005156788879654	,0.08458639771661705	,0.1455367832912066	,0.3441234615705009	,0.758281229213782	,0.7002064675858711
0.3278240000000068	,0.03847690813577246	,0.055914256198347105	,0.23209410029141483	,0.38739669421487605	,0.7004526156826755	,0.09163804009164035	,0.16189969402687243	,0.3581804798258784	,0.7981907675934548	,0.7001885858049282
0.3483280000000093	,0.04329193452845267	,0.06443698347107438	,0.24618835947264772	,0.4132231404958678	,0.7003996024808086	,0.098957772001224	,0.1790607955301317	,0.3722108015650722	,0.8247971265132368	,0.7001727220502161
0.36894900000000064	,0.050967577526123055	,0.07295971074380166	,0.2671228341729177	,0.4132231404958678	,0.7003357907930816	,0.10651591923510936	,0.1964879606225888	,0.386163549456901	,0.8381003059731276	,0.7001692036194717
0.38849299999999687	,0.0564755186468499	,0.08199896694214875	,0.2811862836370042	,0.4648760330578512	,0.7003006839178808	,0.11440120737491537	,0.2141811893042437	,0.40020206186985197	,0.8247971265132368	,0.7001556450556544
0.40850000000000364	,0.062205090353289	,0.09142561983471074	,0.29510528035703537	,0.4777892561983471	,0.7002900863887616	,0.12254336476973439	,0.23200744978049753	,0.41419887817041195	,0.8514034854330186	,0.7001434801830921
0.4284230000000093	,0.06826605191575089	,0.10136880165289257	,0.3091479786155023	,0.49070247933884303	,0.7002620285190752	,0.13098015375902536	,0.2510309964081415	,0.42821982119308244	,0.9977384594918186	,0.7001324755854276
0.4486360000000076	,0.07457794987422714	,0.11182851239669421	,0.32312401616704084	,0.5165289256198348	,0.7002376561426562	,0.13528003912979839	,0.2510309964081415	,0.44216299914494556	,0.9977384594918186	,0.70012255935423
0.4688160000000039	,0.081183092972563	,0.12267561983471074	,0.3371295450736826	,0.5294421487603306	,0.7002162098955199	,0.1486422386276496	,0.28615139018225355	,0.4561788400164017	,0.8381003059731276	,0.7001205917883224
0.48900199999999927	,0.08807186227293971	,0.1337809917355372	,0.3511418619050079	,0.5552685950413223	,0.700197270896068	,0.15789657938965973	,0.30371158706930956	,0.47016508924581357	,0.8381003059731276	,0.7001118399533705
0.5091409999999996	,0.09523433039706901	,0.14488636363636365	,0.3651411542895386	,0.5552685950413223	,0.7001804866492778	,0.1674611766305279	,0.3216708793401623	,0.48419587697825295	,0.8647066648929094	,0.7001038198699098
0.5302230000000066	,0.10270887218782582	,0.15625	,0.37919971131707864	,0.5681818181818181	,0.7001654697590237	,0.17726924636933022	,0.3394971398164161	,0.4981736092137587	,0.8514034854330186	,0.7000965040835466
0.5406339999999972	,0.10651591923510936	,0.16761363636363635	,0.39317559645940137	,0.5681818181818181	,0.7001622492547153	,0.182295389109312	,0.3394971398164161	,0.5122206081748338	,0.8514034854330186	,0.7000950365693152
0.5603740000000101	,0.11440120737491537	,0.17884814049586778	,0.40020206186985186	,0.5681818181818181	,0.7001556450560911	,0.19252598950195313	,0.35719036849807106	,0.5191689371512261	,0.8514034854330186	,0.7000917205390788
0.5808800000000076	,0.12254336476973439	,0.18995351239669422	,0.4141988781704119	,0.5552685950413223	,0.7001378734935995	,0.20307982483072806	,0.37488359717972597	,0.5332089222462605	,0.8381003059731276	,0.7000854217448111
0.6004500000000093	,0.13098015375902533	,0.20105888429752067	,0.42821982119308233	,0.5552685950413223	,0.7001324755854276	,0.213886679851008	,0.392443794066782	,0.5472123461613512	,0.8514034854330186	,0.7000796311427221
0.6318780000000004	,0.14413279791346137	,0.21164772727272727	,0.44920587382496024	,0.5165289256198348	,0.7001179002814264	,0.224965185783656	,0.4266329652787016	,0.5612051853797483	,0.8780098443528004	,0.7000784155084246
0.6512469999999979	,0.15323586915979664	,0.2224948347107438	,0.4631740675207491	,0.5165289256198348	,0.7001161143963336	,0.23634722877890904	,0.44326193960356525	,0.5752270163078848	,0.8647066648929094	,0.7000731926533316
0.661681999999999	,0.1578965793896597	,0.23205061983471073	,0.47016508924581346	,0.5036157024793388	,0.7001077161619087	,0.247959198559936	,0.44326193960356525	,0.5891883213234202	,0.8647066648929094	,0.7000719784527424
0.6821740000000034	,0.16746117663052787	,0.24147727272727273	,0.48419587697825284	,0.4519628099173554	,0.7001038198699098	,0.25992231872274096	,0.45975788213383	,0.6032339896025732	,0.7981907675934548	,0.7000672586763453
0.703597000000002	,0.1772692463693302	,0.2509039256198347	,0.49817360921375853	,0.4519628099173554	,0.7000965040835466	,0.272131967287296	,0.49700678462152453	,0.6172396246209523	,1.1839829719302912	,0.7000628980623209
0.7238329999999991	,0.18740710817071196	,0.25955578512396693	,0.5122206081748337	,0.4648760330578512	,0.7000950365693152	,0.2846040328024259	,0.5136357589463881	,0.6312255111474797	,0.8114939470533457	,0.7000618041957002
0.743536000000006	,0.19780136952412497	,0.26859504132231404	,0.5262337098037091	,0.4648760330578512	,0.7000884861818044	,0.29738103145746403	,0.5294665425036583	,0.6452390596053923	,0.7848875881335639	,0.7000578679782461
0.7636680000000098	,0.2084589329609531	,0.27776342975206614	,0.5402244960618997	,0.4648760330578512	,0.7000824623701855	,0.3103851263901749	,0.5294665425036583	,0.6591958562872238	,0.7848875881335639	,0.7000568175633798
0.7833159999999992	,0.2193932490026479	,0.2865444214876033	,0.5542116460375998	,0.4390495867768595	,0.7000811778498394	,0.3237407182499622	,0.5448982306771318	,0.67322879138518	,0.7316748702940002	,0.7000532750388773
0.8038410000000056	,0.2306341465340808	,0.2950671487603306	,0.5682321753893488	,0.4132231404958678	,0.7000757470723884	,0.3442449579385516	,0.560729014234402	,0.6942211039099688	,0.7848875881335639	,0.7000506736431016
0.8243510000000072	,0.2421024775119234	,0.303202479338843	,0.5821885163043767	,0.4519628099173554	,0.7000707467885758	,0.35828844762385353	,0.5758946388186776	,0.7082399499275641	,0.758281229213782	,0.7000497147389222
0.844610000000003	,0.25389601563294095	,0.3122417355371901	,0.5961999848088871	,0.49070247933884303	,0.700069577109617	,0.3725911327169251	,0.6068910469602234	,0.7222379011127145	,0.7981907675934548	,0.7000468127799311
0.8649529999999999	,0.265985253666671	,0.32334710743801653	,0.6102289366568413	,0.49070247933884303	,0.7000650394086166	,0.38717620789362406	,0.6227218305174936	,0.7362382026566384	,0.7848875881335639	,0.7000459939018022
0.8849129999999974	,0.2783374423912246	,0.33354855371900827	,0.6312255111474795	,0.49070247933884303	,0.7000618041957002	,0.4020446853871924	,0.6385526140747638	,0.7502416674259524	,0.7848875881335639	,0.7000434685973003
0.9044240000000059	,0.29095293831605085	,0.3432334710743802	,0.6382273212911465	,0.5165289256198348	,0.7000598000454406	,0.4171925981126369	,0.6535852068644405	,0.7642444879472127	,0.7449780497538911	,0.7000411791979982
0.9247700000000094	,0.30384827182407276	,0.3536931818181818	,0.6522174334941553	,0.5294421487603306	,0.7000586840204226	,0.4325895214899213	,0.6682187042703206	,0.7782193328913748	,0.7183716908341093	,0.7000406863317796
0.9442200000000014	,0.3170502502542827	,0.3646694214876033	,0.6662359569671973	,0.5423553719008265	,0.7000550058779499	,0.4482787481635313	,0.6824531062924039	,0.7922059375117991	,0.7050685113742184	,0.7000387734223202
0.9651960000000059	,0.33048670787373247	,0.37642045454545453	,0.6802068736959576	,0.5552685950413223	,0.7000539597964992	,0.4642886391578802	,0.6824531062924039	,0.8062283143260577	,0.7050685113742184	,0.7000370776526126
0.9863289999999978	,0.3512350997350302	,0.38739669421487605	,0.7012340120309665	,0.5681818181818181	,0.7000491265114436	,0.4805557459894394	,0.7113210057203672	,0.8202304824774679	,0.7316748702940002	,0.700036967139259
1.0068820000000045	,0.36537663763529105	,0.3996642561983471	,0.7152113622485391	,0.6069214876033058	,0.7000482383303684	,0.49707681579500185	,0.7260875349208461	,0.8342107300394833	,0.7316748702940002	,0.700035645307262
1.0269109999999984	,0.3798308559451973	,0.4142561983471074	,0.7292209530199191	,0.7231404958677685	,0.7000454569391082	,0.5137386385391911	,0.7409870959159239	,0.8250853931837215	,0.7316748702940002	,-0.6999635093627831
1.0462980000000073	,0.39456978806206466	,0.42742768595041325	,0.7432346219646214	,0.671487603305785	,0.7000447022112624	,0.530086644108027	,0.7562857522947984	,0.8110972187406196	,0.7316748702940002	,-0.6999634541437276
1.0668179999999978	,0.40955208325128345	,0.44150309917355374	,0.7572139172993335	,0.7102272727272728	,0.7000422996966361	,0.5461939273423242	,0.7714513768790741	,0.7970749661862123	,0.7449780497538911	,-0.6999618327586979
1.088080000000005	,0.4248673800800177	,0.45609504132231404	,0.771242071020526	,0.7231404958677685	,0.7000417256700345	,0.561966652055269	,0.7866170014633498	,0.7831006877296358	,0.7316748702940002	,-0.6999599983697724
1.0991180000000043	,0.4325895214899213	,0.47107438016528924	,0.7782193328913748	,0.7360537190082644	,0.7000397005799249	,0.5697515496180572	,0.7866170014633498	,0.776110707653699	,0.7316748702940002	,-0.699958996513178
1.1304920000000038	,0.45625358099690505	,0.48695764462809915	,0.7992215045878526	,0.7489669421487604	,0.7000378977098768	,0.592753814559444	,0.8166821870427032	,0.7550792406209986	,0.7316748702940002	,-0.699957338329463
1.1403729999999968	,0.4642886391578802	,0.5012913223140496	,0.8132170067395165	,0.7618801652892562	,0.7000377095384152	,0.6002316413143463	,0.8166821870427032	,0.7481147653668666	,0.7316748702940002	,-0.6999549012400932
1.1604520000000065	,0.4805557459894394	,0.5162706611570248	,0.8202304824774679	,0.7618801652892562	,0.700036967139259	,0.6150804059205646	,0.8307835572701876	,0.7340895256787251	,0.7050685113742184	,-0.6999554416527616
1.181986000000009	,0.49707681579500185	,0.5321539256198347	,0.8342107300394833	,0.8393595041322315	,0.700035645307262	,0.6296303240744214	,0.8452840228814686	,0.7200816247452886	,0.7183716908341093	,-0.6999527433797557
1.201701	,0.513738638539191	,0.5479080578512396	,0.8250853931837215	,0.7489669421487604	,-0.6999635093627831	,0.6438761982767267	,0.8597844884927498	,0.7060972471356819	,0.7316748702940002	,-0.6999518959441774
1.2213670000000008	,0.5300866441080269	,0.5667613636363636	,0.8110972187406196	,1.0072314049586777	,-0.6999634541437276	,0.6578760371808564	,0.874151922309432	,0.6920791486143808	,0.6917653319143275	,-0.6999488257900688
1.241810000000001	,0.5461939273423241	,0.5822572314049587	,0.7970749661862123	,0.7102272727272728	,-0.6999618327586979	,0.6715684015184096	,0.888785419715312	,0.6780886652011162	,0.7050685113742184	,-0.6999478728094755
1.261330000000001	,0.5619666520552689	,0.593620867768595	,0.7831006877296358	,0.5036157024793388	,-0.6999599983697724	,0.6849692190705725	,0.903285885326593	,0.6641107537912653	,0.7050685113742184	,-0.6999444367627657
1.2818950000000058	,0.577490901397871	,0.6027892561983471	,0.7690986529977718	,0.5036157024793388	,-0.699957933745065	,0.6981144216542106	,0.9172542237594785	,0.6501075370153069	,0.7183716908341093	,-0.6999407172648672
1.3014679999999998	,0.5927538145594439	,0.6238378099173554	,0.7550792406209988	,1.3558884297520661	,-0.699957338329463	,0.7109632400897226	,0.9305574032193694	,0.6361222082857909	,0.6518557935346547	,-0.6999395845721142
1.3221950000000078	,0.6076772768580635	,0.6488894628099173	,0.7411152490663769	,0.7360537190082644	,-0.6999549012433485	,0.723569900293207	,0.9438605826792603	,0.6220949602669312	,0.6385526140747638	,-0.699935441919137
1.3422490000000096	,0.6223680135448709	,0.6477272727272727	,0.7271071317468875	,0.06456611570247935	,-0.6999541267920472	,0.7358691063980725	,0.9568976985499534	,0.608098060383934	,0.611946255154982	,-0.6999342692855826
1.386802000000003	,0.6578760371808563	,0.6816890495867769	,0.692079148614381	,0.6973140495867769	,-0.6999488257900688	,0.7654064677503185	,0.9921511241186644	,0.5730889504689104	,0.5986430756950911	,-0.6999260072817601
1.426275000000004	,0.6849692190705724	,0.7175878099173554	,0.6641107537912655	,0.6456611570247933	,-0.6999444367627657	,0.7877407226168572	,1.0148995609950777	,0.5451265801044768	,0.5321271783956365	,-0.6999195011573418
1.4872200000000078	,0.7235699002932069	,0.7523243801652892	,0.6220949602669315	,0.5165289256198348	,-0.699935441919137	,0.8191923286448028	,1.0450977783690303	,0.5031209992608926	,0.465611281096182	,-0.699905892282585
1.5072329999999994	,0.7358691063980723	,0.7598140495867769	,0.6080980603839342	,0.34865702479338845	,-0.6999342692855826	,0.829090989558973	,1.0536118132233603	,0.4891550006055749	,0.4257017427165093	,-0.6998987966693089
1.527858000000009	,0.7478963554486973	,0.7665289256198347	,0.5940918299150626	,0.34865702479338845	,-0.6999296831963645	,0.8387519405915012	,1.0605294665425036	,0.4751287016923949	,0.3325794864972728	,-0.6998910199125886
1.5480930000000086	,0.7596338623035379	,0.7820247933884298	,0.5800970546167686	,0.9943181818181818	,-0.6999285002827974	,0.848108670292611	,1.066116801915658	,0.4611375733881883	,0.2926699481176001	,-0.6998825345710605
1.5685689999999965	,0.7710868395753304	,0.800103305785124	,0.5661081386047556	,0.8006198347107438	,-0.699923425660602	,0.8527123030972241	,1.066116801915658	,0.45409555785526956	,0.2793667686577092	,-0.6998779603734555
1.588462000000007	,0.7822591992218176	,0.8073347107438017	,0.5521205675298265	,0.24535123966942152	,-0.6999179387888624	,0.86597416072273	,1.0755620593321804	,0.4331699146849656	,0.1862445124384728	,-0.6998710741186452
1.6082990000000024	,0.7931835873473447	,0.8096590909090909	,0.5380919788602323	,0.09039256198347106	,-0.6999166139749091	,0.874520428707179	,1.0819475854729281	,0.41913172131199017	,0.3857922043368365	,-0.6998604238336631
1.6289540000000073	,0.8037707605061035	,0.8152117768595041	,0.5241382787885828	,0.4003099173553719	,-0.6999105266646879	,0.8827772109363582	,1.0891313023812692	,0.4051072755321743	,0.34588266595716377	,-0.699848652453574
1.6491380000000078	,0.8141416809382167	,0.8294163223140496	,0.5100996438799972	,0.8393595041322315	,-0.6999038756917044	,0.8907306485653392	,1.0955168285220167	,0.3911228605036113	,0.3192763070373819	,-0.6998356250109211
1.6698769999999996	,0.824170403848537	,0.8456869834710744	,0.4961465858111399	,0.7489669421487604	,-0.6999024251682167	,0.8983833944291635	,1.100971132100572	,0.37717800545521346	,0.26606358919781825	,-0.6998323410239772
1.689346999999998	,0.8339521492882603	,0.853176652892562	,0.4821483080924767	,0.2582644628099174	,-0.6998949980154382	,0.9058211866896609	,1.1057602767061327	,0.36311201940238347	,0.23945723027803645	,-0.6998170435217483
1.7092770000000002	,0.8434884177750384	,0.8547262396694215	,0.46809851005418573	,0.05165289256198347	,-0.6998868525276803	,0.912945344992906	,1.1101503259278969	,0.349108173794217	,0.1995476918983637	,-0.6997999350143793
1.7298860000000076	,0.852712303097224	,0.8566632231404959	,0.4540955578552697	,0.16787190082644626	,-0.6998779603739463	,0.9197441159634985	,1.1133430889982705	,0.3351988031767176	,0.13303179459890913	,-0.6997807705090207
1.7500050000000016	,0.8616458801172241	,0.8654442148760331	,0.4401088136312298	,0.4648760330578512	,-0.6998759635368487	,0.9263076175347891	,1.1133430889982705	,0.32119983725291185	,0.10642543567912732	,-0.6997589093835479
1.7695030000000003	,0.8702826044576553	,0.878099173553719	,0.4261506233238256	,0.671487603305785	,-0.6998658812374124	,0.9326277442721842	,1.1179992018092324	,0.30711749871823274	,0.10642543567912732	,-0.6997338280123904
1.7894750000000101	,0.8786858778840213	,0.887396694214876	,0.41211621050666347	,0.3744834710743802	,-0.6998546863773524	,0.938593306955489	,1.1202607423174138	,0.29320533805222065	,0.10642543567912732	,-0.6997054114414639
1.8095440000000025	,0.8867927032601413	,0.8898502066115702	,0.39810829611527127	,0.05165289256198347	,-0.6998423047429495	,0.9443225607771957	,1.1222562192363974	,0.2791924334790035	,0.0931222562192364	,-0.6996942378930077
1.82941000000001	,0.8945893606960953	,0.8894628099173554	,0.3841547800372507	,-0.038739669421487606	,-0.6998285941102139	,0.9497878313187691	,1.124517759744579	,0.26513588243337627	,0.11972861513901822	,-0.6996582705167816
1.849649999999997	,0.9021407453041392	,0.8969524793388429	,0.37013910435700637	,0.6585743801652892	,-0.6998249044368238	,0.9549504818465646	,1.124517759744579	,0.2511360695217067	,0.11972861513901822	,-0.699616270594519
1.860123999999999	,0.9058211866896608	,0.9089617768595041	,0.36311201940238347	,0.5165289256198348	,-0.6998170435217483	,0.9574222270738162	,1.127311427431156	,0.2372244997491434	,0.14633497405880005	,-0.6995669441285284
1.8808840000000089	,0.9129453449929059	,0.9111570247933884	,0.349108173794217	,-0.012913223140495868	,-0.6997906261802571	,0.9621424018109646	,1.1309032858853265	,0.22328248455637006	,0.15963815351869096	,-0.6995079588011895
1.9007969999999972	,0.9197441159634984	,0.9090909090909091	,0.3351988031767176	,-0.1162190082644628	,-0.6997807705090207	,0.966592988378033	,1.1342290807502993	,0.21626330310701306	,0.15963815351869096	,-0.699473845941657
1.920732000000001	,0.926307617534789	,0.9130940082644629	,0.32119983725291185	,0.4132231404958678	,-0.6997467581734502	,0.9707685686108385	,1.1367566848476787	,0.2022968213908169	,0.11972861513901822	,-0.699395084666004
1.9407029999999992	,0.9326277442721841	,0.9208419421487604	,0.3001371453849764	,0.34865702479338845	,-0.699720064714387	,0.9747147631390973	,1.1387521617666623	,0.18814710097491716	,0.0931222562192364	,-0.6992967030648456
1.9609030000000018	,0.9385933069554889	,0.9243285123966942	,0.29320533805222065	,0.1291322314049587	,-0.6997101305978266	,0.9783255810845374	,1.140481575096448	,0.17419582796855254	,0.07981907675934548	,-0.6991752381162312
1.9808670000000035	,0.9443225607771956	,0.9240702479338843	,0.2791924334790035	,-0.038739669421487606	,-0.6996942378930077	,0.9816470243705646	,1.142210988426234	,0.16029399826946555	,0.07981907675934548	,-0.699021213203087
2.0003360000000043	,0.949787831318769	,0.9227789256198347	,0.2581770473405124	,-0.05165289256198347	,-0.6996382486590508	,0.986116358024429	,1.1450046561128109	,0.1394169959718014	,0.05321271783956366	,-0.6986973235128815
2.020862000000008	,0.9549504818465645	,0.9256198347107438	,0.2511360695217067	,0.18078512396694213	,-0.6995925526811745	,0.9875089348344176	,1.1450046561128109	,0.13224027840191968	,0.05321271783956366	,-0.6985488938278297
2.0502699999999976	,0.9621424018109644	,0.9287190082644629	,0.23021867314501576	,0.1291322314049587	,-0.6995386453273222	,0.9911501272817247	,1.1468671012371956	,0.11130957643252132	,0.03990953837967274	,-0.6980868721094766
2.0603849999999966	,0.964389237207383	,0.9297520661157025	,0.22328248455637006	,0.038739669421487606	,-0.6995079588011895	,0.9922107303633522	,1.1468671012371956	,0.10442690022838388	,0.03990953837967274	,-0.6978220324664727
2.0810010000000005	,0.9707685686108384	,0.9301394628099173	,0.2022968213908169	,0.025826446280991736	,-0.699395084666004	,0.9950141462448798	,1.1472661966209925	,0.0835475628439879	,0.013303179459890915	,-0.696575449025421
2.1002650000000074	,0.9727895684581646	,0.9314307851239669	,0.1812161629391358	,0.06456611570247935	,-0.699239872241107	,0.9965653884496778	,1.147798323799388	,0.06934303260207873	,0.013303179459890915	,-0.6938562239101367
2.1211059999999975	,0.9783255810845373	,0.9318181818181818	,0.17419582796855254	,0.0	,-0.6991752381162312	,0.9977795434511273	,1.147798323799388	,0.05575517167423713	,0.0	,-0.6922096528525996
2.1418390000000045	,0.9816470243705645	,0.9318181818181818	,0.16029399826946555	,0.012913223140495868	,-0.699021213203087	,0.9987522890074058	,1.147798323799388	,0.04179468135581133	,0.0	,-0.685931499807454
2.161732999999998	,0.9847264102309238	,0.9319473140495868	,0.14622935983142524	,0.0	,-0.6988184132495054	,0.999433963705579	,1.147798323799388	,0.028150502876347284	,0.0	,-0.667746970864855
2.1820919999999973	,0.9875089348344175	,0.9319473140495868	,0.13224027840191968	,0.0	,-0.6985488938278297	,0.999823770707753	,1.1476652920047892	,0.01570735525630302	,0.0	,-0.5745941581791434
2.2031139999999994	,0.9899911340834889	,0.9319473140495868	,0.11837403551082142	,0.0	,-0.6981814955554244	,0.9999700005999921	,1.1476652920047892	,0.006480675891676038	,0.0	,0.0
2.224129000000005	,0.9922107303633521	,0.9319473140495868	,0.10442690022838388	,0.0	,-0.6978220324664727	,1.0	,1.1475322602101903	,0.0	,-0.013303179459890915	,0.0
2.2447050000000104	,0.994142989363712	,0.9319473140495868	,0.09055282928106032	,0.0	,-0.6970914271875835	,1.0	,1.1473992284155914	,0.0	,-0.013303179459890915	,0.0
2.2652790000000067	,0.9958378419164079	,0.9319473140495868	,0.0763349285519457	,0.0	,-0.6958871456296197	,1.0	,1.1472661966209925	,0.0	,-0.013303179459890915	,0.0
2.2857500000000073	,0.9971965028189101	,0.9319473140495868	,0.06264899084205192	,0.0	,-0.6938562239101367	,1.0	,1.1473992284155914	,0.0	,0.0	,0.0
2.3051990000000018	,0.9983143970136719	,0.9319473140495868	,0.048578227436384534	,0.0	,-0.6896748025921349	,1.0	,1.1473992284155914	,0.0	,0.0	,0.0
2.325597000000002	,0.9991417414467347	,0.9319473140495868	,0.034663553980702616	,0.0	,-0.6792452519426077	,1.0	,1.1475322602101903	,0.0	,0.013303179459890915	,0.0
2.346094000000008	,0.9996775693275616	,0.9319473140495868	,0.021246245348661066	,0.0	,-0.6399957227594412	,1.0	,1.1473992284155914	,0.0	,0.0	,0.0
2.366861	,0.9999212541342304	,0.9319473140495868	,0.010499724381104922	,0.0	,0.0	,1.0	,1.1473992284155914	,0.0	,0.0	,0.0
2.3867970000000014	,0.9999999999999999	,0.9319473140495868	,0.0	,0.0	,0.0	,1.0	,1.1473992284155914	,0.0	,0.0	,0.0
2.4066290000000095	,0.9999999999999999	,0.9319473140495868	,0.0	,0.0	,0.0	,1.0	,1.1473992284155914	,0.0	,0.0	,0.0
2.4270680000000056	,0.9999999999999999	,0.9319473140495868	,0.0	,0.0	,0.0	,1.0	,1.1473992284155914	,0.0	,0.0	,0.0
2.44775700000001	,0.9999999999999999	,0.9319473140495868	,0.0	,0.0	,0.0	,1.0	,1.1473992284155914	,0.0	,0.0	,0.0
2.467821999999998	,0.9999999999999999	,0.9319473140495868	,0.0	,0.0	,0.0	,1.0	,1.1473992284155914	,0.0	,0.0	,0.0
2.4876550000000037	,0.9999999999999999	,0.9319473140495868	,0.0	,0.0	,0.0	,1.0	,1.1473992284155914	,0.0	,0.0	,0.0
2.507310000000004	,0.9999999999999999	,0.9319473140495868	,0.0	,0.0	,0.0	,1.0	,1.1473992284155914	,0.0	,0.0	,0.0
2.5277269999999987	,0.9999999999999999	,0.9320764462809917	,0.0	,0.0	,0.0	,1.0	,1.1473992284155914	,0.0	,0.0	,0.0
2.5486250000000013	,0.9999999999999999	,0.9320764462809917	,0.0	,0.0	,0.0	,1.0	,1.1473992284155914	,0.0	,0.0	,0.0
2.568515000000005	,0.9999999999999999	,0.9320764462809917	,0.0	,0.0	,0.0	,1.0	,1.1473992284155914	,0.0	,0.0	,0.0
2.588868000000005	,0.9999999999999999	,0.9320764462809917	,0.0	,0.0	,0.0	,1.0	,1.1473992284155914	,0.0	,0.0	,0.0
2.608198999999999	,0.9999999999999999	,0.9320764462809917	,0.0	,0.0	,0.0	,1.0	,1.1473992284155914	,0.0	,0.0	,0.0
2.6290479999999974	,0.9999999999999999	,0.9320764462809917	,0.0	,0.0	,0.0	,1.0	,1.1473992284155914	,0.0	,0.0	,0.0
2.649174000000002	,0.9999999999999999	,0.9320764462809917	,0.0	,0.0	,0.0	,1.0	,1.1473992284155914	,0.0	,0.0	,0.0
2.6701170000000047	,0.9999999999999999	,0.9320764462809917	,0.0	,0.0	,0.0	,1.0	,1.1473992284155914	,0.0	,0.0	,0.0
2.68084300000001	,0.9999999999999999	,0.9320764462809917	,0.0	,0.0	,0.0	,1.0	,1.1473992284155914	,0.0	,0.0	,0.0
2.710310000000007	,0.9999999999999999	,0.9320764462809917	,0.0	,0.0	,0.0	,1.0	,1.1473992284155914	,0.0	,0.0	,0.0
2.7302800000000076	,0.9999999999999999	,0.9320764462809917	,0.0	,0.0	,0.0	,1.0	,1.1473992284155914	,0.0	,0.0	,0.0
2.74028100000001	,0.9999999999999999	,0.9320764462809917	,0.0	,0.0	,0.0	,1.0	,1.1473992284155914	,0.0	,0.0	,0.0
2.7603349999999978	,0.9999999999999999	,0.9322055785123967	,0.0	,0.0	,0.0	,1.0	,1.1473992284155914	,0.0	,0.0	,0.0
2.790379999999999	,0.9999999999999999	,0.9322055785123967	,0.0	,0.0	,0.0	,1.0	,1.1473992284155914	,0.0	,0.0	,0.0
2.8010710000000074	,0.9999999999999999	,0.9322055785123967	,0.0	,0.0	,0.0	,1.0	,1.1473992284155914	,0.0	,0.0	,0.0
2.821751000000006	,0.9999999999999999	,0.9322055785123967	,0.0	,0.0	,0.0	,1.0	,1.1473992284155914	,0.0	,0.0	,0.0
2.841161999999997	,0.9999999999999999	,0.9322055785123967	,0.0	,0.0	,0.0	,1.0	,1.1473992284155914	,0.0	,0.0	,0.0
2.8621800000000093	,0.9999999999999999	,0.9322055785123967	,0.0	,0.0	,0.0	,1.0	,1.1472661966209925	,0.0	,-0.013303179459890915	,0.0
2.8825690000000037	,0.9999999999999999	,0.9323347107438017	,0.0	,0.0	,0.0	,1.0	,1.1472661966209925	,0.0	,-0.013303179459890915	,0.0
2.9030410000000018	,0.9999999999999999	,0.9323347107438017	,0.0	,0.0	,0.0	,1.0	,1.1472661966209925	,0.0	,0.0	,0.0
2.9236140000000006	,0.9999999999999999	,0.9323347107438017	,0.0	,0.0	,0.0	,1.0	,1.1473992284155914	,0.0	,0.0	,0.0
2.9440019999999976	,0.9999999999999999	,0.9323347107438017	,0.0	,0.0	,0.0	,1.0	,1.1472661966209925	,0.0	,-0.013303179459890915	,0.0
2.963571999999999	,0.9999999999999999	,0.9323347107438017	,0.0	,0.0	,0.0	,1.0	,1.1472661966209925	,0.0	,0.0	,0.0
2.984654000000006	,0.9999999999999999	,0.9323347107438017	,0.0	,0.0	,0.0	,1.0	,1.1471331648263936	,0.0	,-0.013303179459890915	,0.0
3.0048850000000016	,0.9999999999999999	,0.9324638429752066	,0.0	,0.012913223140495868	,0.0	,1.0	,1.1471331648263936	,0.0	,0.0	,0.0
3.0255659999999978	,0.9999999999999999	,0.9324638429752066	,0.0	,0.0	,0.0	,1.0	,1.1471331648263936	,0.0	,0.0	,0.0
3.046112000000008	,0.9999999999999999	,0.9324638429752066	,0.0	,0.0	,0.0	,1.0	,1.1468671012371956	,0.0	,-0.013303179459890915	,0.0
3.0663040000000024	,0.9999999999999999	,0.9324638429752066	,0.0	,0.0	,0.0	,1.0	,1.1468671012371956	,0.0	,0.0	,0.0
3.086582000000007	,0.9999999999999999	,0.9324638429752066	,0.0	,0.0	,0.0	,1.0	,1.1468671012371956	,0.0	,0.0	,0.0
3.1064520000000044	,0.9999999999999999	,0.9324638429752066	,0.0	,0.0	,0.0	,1.0	,1.1468671012371956	,0.0	,0.0	,0.0
3.126829999999998	,0.9999999999999999	,0.9324638429752066	,0.0	,0.0	,0.0	,1.0	,1.1467340694425967	,0.0	,-0.013303179459890915	,0.0
3.1466230000000053	,0.9999999999999999	,0.9324638429752066	,0.0	,0.0	,0.0	,1.0	,1.1467340694425967	,0.0	,0.0	,0.0
3.1663210000000106	,0.9999999999999999	,0.9324638429752066	,0.0	,0.0	,0.0	,1.0	,1.1467340694425967	,0.0	,0.0	,0.0
3.186852000000002	,0.9999999999999999	,0.9324638429752066	,0.0	,0.0	,0.0	,1.0	,1.1467340694425967	,0.0	,0.0	,0.0
3.206275000000005	,0.9999999999999999	,0.9325929752066116	,0.0	,0.0	,0.0	,1.0	,1.1467340694425967	,0.0	,0.0	,0.0
3.2263280000000094	,0.9999999999999999	,0.9325929752066116	,0.0	,0.0	,0.0	,1.0	,1.1467340694425967	,0.0	,0.0	,0.0
3.2462270000000046	,0.9999999999999999	,0.9327221074380165	,0.0	,0.012913223140495868	,0.0	,1.0	,1.1467340694425967	,0.0	,0.0	,0.0
3.2667980000000085	,0.9999999999999999	,0.9327221074380165	,0.0	,0.0	,0.0	,1.0	,1.1467340694425967	,0.0	,0.0	,0.0
3.286791000000008	,0.9999999999999999	,0.9327221074380165	,0.0	,0.0	,0.0	,1.0	,1.1466010376479978	,0.0	,-0.013303179459890915	,0.0
3.3065500000000014	,0.9999999999999999	,0.9327221074380165	,0.0	,0.0	,0.0	,1.0	,1.1466010376479978	,0.0	,-0.013303179459890915	,0.0
3.3467800000000096	,0.9999999999999999	,0.9327221074380165	,0.0	,0.0	,0.0	,1.0	,1.146468005853399	,0.0	,0.0	,0.0
3.366534999999999	,0.9999999999999999	,0.9327221074380165	,0.0	,0.0	,0.0	,1.0	,1.146468005853399	,0.0	,0.0	,0.0
3.3874799999999965	,0.9999999999999999	,0.9327221074380165	,0.0	,0.0	,0.0	,1.0	,1.1463349740588	,0.0	,0.0	,0.0
3.408077000000006	,0.9999999999999999	,0.9327221074380165	,0.0	,0.0	,0.0	,1.0	,1.1462019422642011	,0.0	,-0.013303179459890915	,0.0
3.429010000000005	,0.9999999999999999	,0.9327221074380165	,0.0	,0.0	,0.0	,1.0	,1.1462019422642011	,0.0	,-0.013303179459890915	,0.0
3.448397	,0.9999999999999999	,0.9327221074380165	,0.0	,0.0	,0.0	,1.0	,1.1462019422642011	,0.0	,0.0	,0.0
3.46979300000001	,0.9999999999999999	,0.9328512396694215	,0.0	,0.0	,0.0	,1.0	,1.1460689104696022	,0.0	,0.0	,0.0
3.4896150000000006	,0.9999999999999999	,0.9328512396694215	,0.0	,0.0	,0.0	,1.0	,1.1460689104696022	,0.0	,0.0	,0.0
3.5092620000000068	,0.9999999999999999	,0.9328512396694215	,0.0	,0.0	,0.0	,1.0	,1.1460689104696022	,0.0	,0.0	,0.0
3.5301630000000017	,0.9999999999999999	,0.9329803719008265	,0.0	,0.012913223140495868	,0.0	,1.0	,1.1460689104696022	,0.0	,0.0	,0.0
3.540585000000007	,0.9999999999999999	,0.9329803719008265	,0.0	,0.0	,0.0	,1.0	,1.1459358786750033	,0.0	,0.0	,0.0
3.5609639999999985	,0.9999999999999999	,0.9329803719008265	,0.0	,0.0	,0.0	,1.0	,1.1459358786750033	,0.0	,0.0	,0.0
3.580454000000003	,0.9999999999999999	,0.9329803719008265	,0.0	,0.0	,0.0	,1.0	,1.1459358786750033	,0.0	,0.0	,0.0
3.602123000000006	,0.9999999999999999	,0.9331095041322314	,0.0	,0.012913223140495868	,0.0	,1.0	,1.1458028468804045	,0.0	,0.0	,0.0
3.623086999999998	,0.9999999999999999	,0.9331095041322314	,0.0	,0.0	,0.0	,1.0	,1.1458028468804045	,0.0	,0.0	,0.0
3.643601000000004	,0.9999999999999999	,0.9331095041322314	,0.0	,0.0	,0.0	,1.0	,1.1456698150858056	,0.0	,0.0	,0.0
3.664304999999999	,0.9999999999999999	,0.9332386363636364	,0.0	,0.012913223140495868	,0.0	,1.0	,1.1456698150858056	,0.0	,0.0	,0.0
3.684314999999998	,0.9999999999999999	,0.9332386363636364	,0.0	,0.0	,0.0	,1.0	,1.1455367832912067	,0.0	,0.0	,0.0
3.704819999999998	,0.9999999999999999	,0.9332386363636364	,0.0	,0.0	,0.0	,1.0	,1.1454037514966078	,0.0	,0.0	,0.0
3.724378999999999	,0.9999999999999999	,0.9332386363636364	,0.0	,0.0	,0.0	,1.0	,1.1452707197020089	,0.0	,0.0	,0.0
3.7450639999999993	,0.9999999999999999	,0.9332386363636364	,0.0	,0.0	,0.0	,1.0	,1.1451376879074098	,0.0	,0.0	,0.0
3.7658289999999965	,0.9999999999999999	,0.9333677685950413	,0.0	,0.012913223140495868	,0.0	,1.0	,1.1450046561128109	,0.0	,0.0	,0.0
3.7864820000000066	,0.9999999999999999	,0.9334969008264463	,0.0	,0.012913223140495868	,0.0	,1.0	,1.144738592523613	,0.0	,0.0	,0.0
3.8079030000000103	,0.9999999999999999	,0.9334969008264463	,0.0	,0.0	,0.0	,1.0	,1.144738592523613	,0.0	,0.0	,0.0
3.8274700000000053	,0.9999999999999999	,0.9334969008264463	,0.0	,0.0	,0.0	,1.0	,1.1444725289344153	,0.0	,0.0	,0.0
3.8482110000000063	,0.9999999999999999	,0.9334969008264463	,0.0	,0.0	,0.0	,1.0	,1.1444725289344153	,0.0	,0.0	,0.0
3.8690289999999976	,0.9999999999999999	,0.9334969008264463	,0.0	,0.0	,0.0	,1.0	,1.1443394971398164	,0.0	,0.0	,0.0
3.889437000000001	,0.9999999999999999	,0.9336260330578512	,0.0	,0.0	,0.0	,1.0	,1.1442064653452175	,0.0	,-0.013303179459890915	,0.0
3.9095549999999974	,0.9999999999999999	,0.9336260330578512	,0.0	,0.0	,0.0	,1.0	,1.1442064653452175	,0.0	,0.0	,0.0
3.929186999999999	,0.9999999999999999	,0.9337551652892562	,0.0	,0.012913223140495868	,0.0	,1.0	,1.1440734335506186	,0.0	,0.0	,0.0
3.950141000000002	,0.9999999999999999	,0.9337551652892562	,0.0	,0.0	,0.0	,1.0	,1.1440734335506186	,0.0	,0.0	,0.0
3.9602840000000015	,0.9999999999999999	,0.9337551652892562	,0.0	,0.0	,0.0	,1.0	,1.1440734335506186	,0.0	,0.0	,0.0
3.9811679999999967	,0.9999999999999999	,0.9338842975206612	,0.0	,0.0	,0.0	,1.0	,1.1439404017560197	,0.0	,0.0	,0.0
4.011312000000004	,0.9999999999999999	,0.9338842975206612	,0.0	,0.0	,0.0	,1.0	,1.1438073699614209	,0.0	,0.0	,0.0
4.021864000000008	,0.9999999999999999	,0.9338842975206612	,0.0	,0.0	,0.0	,1.0	,1.1438073699614209	,0.0	,0.0	,0.0
4.041503000000006	,0.9999999999999999	,0.9340134297520661	,0.0	,0.0	,0.0	,1.0	,1.1438073699614209	,0.0	,0.0	,0.0
4.061284000000001	,0.9999999999999999	,0.9340134297520661	,0.0	,0.0	,0.0	,1.0	,1.1438073699614209	,0.0	,0.0	,0.0
4.081912000000003	,0.9999999999999999	,0.9340134297520661	,0.0	,0.0	,0.0	,1.0	,1.143674338166822	,0.0	,-0.013303179459890915	,0.0
4.111556000000007	,0.9999999999999999	,0.9340134297520661	,0.0	,0.0	,0.0	,1.0	,1.143408274577624	,0.0	,-0.013303179459890915	,0.0
4.121312000000003	,0.9999999999999999	,0.9341425619834711	,0.0	,0.0	,0.0	,1.0	,1.143408274577624	,0.0	,-0.013303179459890915	,0.0
4.143042000000008	,0.9999999999999999	,0.9341425619834711	,0.0	,0.0	,0.0	,1.0	,1.143408274577624	,0.0	,0.0	,0.0
4.164169000000001	,0.9999999999999999	,0.9341425619834711	,0.0	,0.0	,0.0	,1.0	,1.143408274577624	,0.0	,0.0	,0.0
4.1847020000000015	,0.9999999999999999	,0.9341425619834711	,0.0	,0.0	,0.0	,1.0	,1.143275242783025	,0.0	,0.0	,0.0
4.204166999999998	,0.9999999999999999	,0.9341425619834711	,0.0	,0.0	,0.0	,1.0	,1.1431422109884262	,0.0	,0.0	,0.0
4.224713000000008	,0.9999999999999999	,0.9341425619834711	,0.0	,0.0	,0.0	,1.0	,1.1430091791938273	,0.0	,0.0	,0.0
4.2456710000000015	,0.9999999999999999	,0.9341425619834711	,0.0	,0.0	,0.0	,1.0	,1.1427431156046295	,0.0	,-0.013303179459890915	,0.0
4.265148000000011	,0.9999999999999999	,0.9341425619834711	,0.0	,0.0	,0.0	,1.0	,1.1426100838100306	,0.0	,0.0	,0.0
4.286011000000002	,0.9999999999999999	,0.9341425619834711	,0.0	,0.0	,0.0	,1.0	,1.142210988426234	,0.0	,-0.013303179459890915	,0.0
4.306117	,0.9999999999999999	,0.9341425619834711	,0.0	,0.0	,0.0	,1.0	,1.142210988426234	,0.0	,-0.013303179459890915	,0.0
4.326632000000004	,0.9999999999999999	,0.9341425619834711	,0.0	,0.0	,0.0	,1.0	,1.142077956631635	,0.0	,-0.013303179459890915	,0.0
4.346615	,0.9999999999999999	,0.9341425619834711	,0.0	,0.0	,0.0	,1.0	,1.1419449248370361	,0.0	,0.0	,0.0
4.3667620000000085	,0.9999999999999999	,0.934271694214876	,0.0	,0.0	,0.0	,1.0	,1.1418118930424372	,0.0	,0.0	,0.0
4.386400000000009	,0.9999999999999999	,0.934271694214876	,0.0	,0.0	,0.0	,1.0	,1.1416788612478381	,0.0	,0.0	,0.0
4.407970000000006	,0.9999999999999999	,0.934400826446281	,0.0	,0.012913223140495868	,0.0	,1.0	,1.1416788612478381	,0.0	,0.0	,0.0
4.427635000000009	,0.9999999999999999	,0.934400826446281	,0.0	,0.0	,0.0	,1.0	,1.1416788612478381	,0.0	,0.0	,0.0
