Time,Position,Velocity,Acceleration
0,0,0,0
0.0109233178706,0.000123754970512,0.0131551361362,0.789130628674
0.0199718708186,0.000289663640051,0.0200932026591,0.740109739988
0.0299457157808,0.000538477277549,0.0273791487147,0.720255064562
0.040306151687,0.000870136643454,0.0347927459248,0.710713527148
0.0498851801908,0.00124312754666,0.0415778265734,0.705780024802
0.0598512295665,0.0016988243103,0.0485956958942,0.702492570651
0.070060265148,0.00223711833338,0.0557558014389,0.700151035671
0.079775246655,0.00281650859452,0.0625498343878,0.698465130579
0.0897327085448,0.00347827398582,0.0694980117148,0.697060544065
0.0998659310552,0.00422225655373,0.0765554826476,0.695834435946
0.110129385569,0.00504827860645,0.0836916223882,0.69471755409
0.120038055729,0.00591489344147,0.0905705458672,0.693707943943
0.13008817412,0.00686321050003,0.0975376223695,0.692719405337
0.13985690182,0.00785183081016,0.104300167424,0.691771021996
0.15013336766,0.00896289593363,0.111404184497,0.690769982462
0.16013256363,0.0101138448484,0.118306576209,0.689780695206
0.169899769462,0.011304539409,0.125039162301,0.688791259191
0.180020780114,0.0126084036684,0.132006194289,0.687858010366
0.19008117254,0.0139735681121,0.138921002272,0.686758849606
0.199964782819,0.015382317977,0.145703344162,0.685640579532
0.209991568908,0.0168798105721,0.152572429219,0.684463155902
0.220141252153,0.0184656439496,0.159513444902,0.683223679096
0.230125368076,0.0200941919566,0.166328712228,0.681954595012
0.23996286134,0.0217652354591,0.173031249959,0.680653143101
0.249919943369,0.0235235968781,0.179801963186,0.679281847357
0.259981781418,0.0253688013554,0.186629752547,0.677838541241
0.269903638981,0.0272554726364,0.193348041492,0.676356394306
0.27992276235,0.0292281450348,0.200116963493,0.67479815594
0.290027772018,0.0312862830015,0.206927772696,0.673161706144
0.300000061756,0.03338472767,0.213632588443,0.671480746884
0.310053054864,0.035567694925,0.220374356957,0.669717650293
0.319982321448,0.0377901904443,0.227015408652,0.667906561218
0.329987346682,0.0400962050501,0.233688583975,0.666009403617
0.340059978978,0.0424851062964,0.240387301874,0.66402388987
0.350014570417,0.0449121659772,0.246987488416,0.661984879438
0.360033090995,0.0474210080763,0.253609174991,0.659853348593
0.369940408873,0.0499671014042,0.26013596434,0.657664714685
0.380071892196,0.0526375293326,0.266787578923,0.655340932467
0.389929885093,0.0553004128311,0.27323661824,0.652994200425
0.40000022595,0.0580861488399,0.279800241775,0.650506938596
0.409962637135,0.0609069140087,0.286268415957,0.647954059397
0.419971315066,0.063805510206,0.292740547161,0.645293988318
0.430021429463,0.0667811243003,0.299212191001,0.64252369876
0.439968164487,0.0697900070473,0.305589352239,0.63968089386
0.449954470447,0.072874503188,0.311962922868,0.636722436747
0.459976154366,0.0760337398114,0.318328833879,0.633644989583
0.470029324394,0.0792668201293,0.324683197901,0.630445085595
0.479982573741,0.0825305167885,0.330942145121,0.627162036651
0.489966033207,0.0858665138774,0.337186677616,0.623750323722
0.499976260179,0.0892730578663,0.343412506067,0.620204393563
0.510010037165,0.0927507592793,0.349617364701,0.616523744951
0.519947319071,0.0962561764544,0.355725506623,0.612747836035
0.530021824555,0.0998717487389,0.361879011406,0.608782544739
0.539999121931,0.103513317047,0.367933071846,0.604714683427
0.549993524521,0.107221464702,0.373956102324,0.600494517501
0.560002471431,0.110995106462,0.379944881099,0.596117423563
0.570023548707,0.114833133839,0.385896252883,0.591578625942
0.579951012534,0.118693872689,0.391746393884,0.586922577367
0.589991664251,0.122657451015,0.397615390962,0.582046193065
0.600037917709,0.126681954986,0.403437793317,0.576992875696
0.609990252985,0.130726244488,0.409154828568,0.571808962162
0.620043879037,0.13486918533,0.414876744629,0.566386274464
0.630003601799,0.139029867794,0.420490516914,0.560823441041
0.639965214635,0.143246975356,0.426048965166,0.555062948464
0.650017556153,0.147558313958,0.431598845316,0.549043699187
0.659976260659,0.151884191202,0.437036318134,0.542869037241
0.670010535635,0.156298250249,0.442452784089,0.536433628806
0.680003197004,0.160746822652,0.447780501518,0.529790654987
0.690005381245,0.165252599908,0.453045656516,0.522906165583
0.700014910559,0.169814045811,0.458244535233,0.515772927242
0.710029709203,0.174429598495,0.463373443344,0.50838357205
0.719959904132,0.179056495891,0.468384684886,0.500798914956
0.729980905071,0.183775753607,0.473364067769,0.492875944878
0.740001467972,0.18854428651,0.478262456885,0.484674114368
0.750019872419,0.193360433642,0.4830761998,0.476185671815
0.760034474988,0.198222510336,0.487801647434,0.467402822325
0.769963006021,0.203089066903,0.492398160351,0.458392256363
0.779966704759,0.208038156872,0.496937435662,0.448998485742
0.78996206492,0.213027989645,0.501377459549,0.439286979101
0.800024483154,0.218094620422,0.50574617934,0.429168384069
0.8099978639,0.22316027234,0.509975405546,0.418797160551
0.820033285234,0.228299471625,0.514124764602,0.408004464771
0.829979786972,0.233433675146,0.518128687777,0.396944292521
0.83998364169,0.238637084151,0.522042880941,0.385446009862
0.849969551504,0.243869622629,0.525833431872,0.373584449104
0.860006176039,0.249166262826,0.529521913092,0.361266852021
0.870020758307,0.254487535832,0.53307706144,0.348571889846
0.880012493481,0.259831501823,0.536495358112,0.335494902949
0.88998061697,0.265196208519,0.539773312073,0.32203202878
0.899989675717,0.270616269877,0.542929313531,0.308089538243
0.91003013922,0.276083245344,0.545951145456,0.293666605608
0.919983598338,0.281532065418,0.548801696157,0.278933744986
0.929988223699,0.287036733507,0.551516936689,0.263685101082
0.939972894326,0.292556730309,0.554072460487,0.248024861087
0.950002610595,0.298126515326,0.55647986953,0.231849033957
0.960008585944,0.303706351173,0.558717704259,0.215268849207
0.969990080678,0.309294003993,0.560782592805,0.198292817097
0.980009336735,0.314921449179,0.562680694075,0.180816972141
0.990000880051,0.320552590372,0.564399092003,0.162972995958
1.00002521775,0.326218556614,0.565941908715,0.144662020226
1.01001900172,0.33188172024,0.567295343707,0.126017198368
1.01998186169,0.337539885008,0.568457282948,0.107064763174
1.02997180117,0.343224093172,0.569431073448,0.0877216234987
1.03998594423,0.348930853663,0.570211713028,0.0680236023258
1.05002156313,0.354656691007,0.570794742799,0.0480134171389
1.06001099325,0.360362325841,0.571176853516,0.0278722864649
1.07002338487,0.366082551571,0.571354746412,0.00751722733267
1.08000658882,0.371786851886,0.571328619487,-0.0128840286853
1.09001817765,0.377506077822,0.571097636688,-0.0333774006737
1.09999855131,0.383204143032,0.570663316099,-0.053759442672
1.11000380849,0.388911038104,0.570024336764,-0.0740522393943
1.11997626987,0.394591852995,0.569186522128,-0.0940353101124
1.13002514803,0.400305290483,0.568139843346,-0.113810673179
1.13998480979,0.405958085962,0.566911227198,-0.132919045287
1.15001690516,0.4116386626,0.565484315323,-0.151530106189
1.16001294029,0.417283659272,0.563880633324,-0.169281020708
1.17002505085,0.422920783862,0.562101161411,-0.186093476156
1.1800009988,0.428519003702,0.56016624323,-0.201695592117
1.1899955761,0.434109109116,0.558080796278,-0.215977814553
1.20001887767,0.439692101459,0.555851054708,-0.228719623051
1.21001310553,0.445236033944,0.5535093972,-0.692924053759
1.21999213914,0.450711946615,0.544006754942,-0.941853947972
1.23002189159,0.456121198742,0.534692969955,-0.914954150774
1.23999788291,0.461410158957,0.52570504675,-0.886532764028
1.25002562255,0.466637652671,0.516964442054,-0.856323123995
1.26000055567,0.471752191763,0.508578364337,-0.824679416731
1.26997559113,0.476783043541,0.50051258967,-0.791476848052
1.28000358103,0.481762910188,0.492748360226,-0.756604875013
1.28997981544,0.486641577958,0.485378421689,-0.720468792536
1.30000956378,0.491474143996,0.478339339896,-0.682747186151
1.30998800988,0.496213833111,0.471718322645,-0.64389825811
1.32002035223,0.500914499561,0.465458668729,-0.603581167459
1.33000165621,0.505530960459,0.459638180458,-0.562289847508
1.33998451583,0.510092109892,0.454234550277,-0.519891754646
1.35002151616,0.514625770494,0.449233514277,-0.476234615438
1.36000754973,0.519088789453,0.444697480191,-0.43185806839
1.36999511745,0.52350941708,0.440608308076,-0.386621289698
1.37998414088,0.527892111763,0.436974322718,-0.340612066054
1.38998953222,0.532249732065,0.433799649451,-0.293858787457
1.40001867502,0.536586360633,0.431088704694,-0.246397744979
1.40999252183,0.540874485242,0.428867285165,-0.198708075165
1.42002358873,0.545167275603,0.42711493164,-0.150347040871
1.42999896906,0.549421215543,0.425854956884,-0.10195462051
1.4399748051,0.553665195115,0.425078776306,-0.0533571910178
1.45000724075,0.557927897939,0.424787739579,-0.00437709722743
1.45998349678,0.562190155343,0.424983049449,0.0342221784382
1.4700159744,0.566456800628,0.42566055495,0.0717003851085
1.47999164539,0.570708602382,0.426833515751,0.482648195609
1.49002300933,0.574998388552,0.428510262315,0.145746686706
1.49999717291,0.579282682331,0.430652739906,0.182109455789
1.51002664563,0.583614617346,0.433275904281,0.218160224469
1.51999480363,0.587946716687,0.436352975379,0.253395899253
1.52998415102,0.592322968681,0.439899007376,0.288005350383
1.54002458797,0.596759665846,0.443929946288,0.322010485436
1.55001092089,0.601214841435,0.448387311286,0.354959390506
1.55999565672,0.605716019566,0.453279227999,0.778349965953
1.56997878603,0.610267516599,0.45861885664,0.417936470953
1.5800128664,0.614897956128,0.464380330045,0.84653871885
1.58999288557,0.619563006968,0.470551259486,0.476661485219
1.60002400785,0.624315860283,0.477129067893,0.50426556168
1.61000135516,0.629110702019,0.484052251891,0.941604274647
1.61997764288,0.633976077908,0.491357409504,0.97108232366
1.63000561549,0.638941909604,0.499065152503,0.999549454281
1.63998058813,0.643961496807,0.507059019732,1.02660823436
1.65000788508,0.64908782822,0.515438843133,1.05258364132
1.65998290071,0.654272304706,0.524082342889,0.641218017314
1.67001107323,0.659572794218,0.533067116519,0.659141620159
1.67998789744,0.66493694602,0.542267057513,1.12228545778
1.69001891675,0.670424277798,0.551810847187,1.14294352414
1.69999967629,0.67598024218,0.561544795791,0.70397323459
1.70998332084,0.681636098014,0.571492156448,1.17987969817
1.72000805935,0.687414815815,0.581700902063,1.19636101298
1.73001830537,0.6932898658,0.592091408494,1.21147261709
1.73998472008,0.699243412706,0.602621369319,1.22520544386
1.75000579801,0.705336145462,0.613351823261,1.23764906625
1.75998460765,0.71151081831,0.624198954226,0.755312254085
1.77001984205,0.717830068659,0.635201500517,1.25865706352
1.78001450182,0.724235648735,0.646296337849,0.761882890687
1.79001844307,0.73075711538,0.65746656005,1.27471961411
1.79998348204,0.737364837801,0.668686338743,1.28098422503
1.81000877471,0.744125588076,0.680021271968,1.2861414561
1.81999702143,0.750974653364,0.691361466181,1.29021740238
1.82999834692,0.757946353423,0.702761566726,0.758482675683
1.84000997358,0.765038063666,0.71417480163,0.754817649812
1.84999870378,0.772228733821,0.725559042201,0.75029724226
1.86000351512,0.779544910649,0.736952527062,0.744969164407
1.86997967204,0.786953461432,0.748263253425,1.29624672641
1.88001977248,0.794523422487,0.759628240679,1.29492130058
1.88998722094,0.802151211674,0.770863190842,1.29288697909
1.90002078292,0.809943517001,0.782111649085,0.716617473724
1.90998330093,0.817790702639,0.793194902798,1.28681631312
1.92001406833,0.82580287516,0.804283032821,0.69900274263
1.93002171087,0.833906929252,0.815252269368,0.68951014533
1.94000697014,0.842101762375,0.82609825887,0.679650598304
1.95001718569,0.850425227707,0.836848363696,1.268071658
1.96001832968,0.858847125098,0.847484465545,1.26227476002
1.97001510432,0.86737216524,0.858019881962,0.648123869501
1.97999653472,0.875988345832,0.868373157093,1.2497059502
1.99000648022,0.88473243607,0.878647546105,1.24297752182
2.00000261667,0.893566338437,0.888760327977,1.23600098419
2.00998554983,0.902488783405,0.89870920406,1.22881293103
2.01999948191,0.911539064114,0.908570575564,0.591698684014
2.0300016209,0.920675367376,0.918239218891,1.21393563044
2.03999248894,0.929897325555,0.927766470995,1.20631967685
2.05001662901,0.939244829525,0.937176432646,0.55694834973
2.05998658139,0.948634479803,0.946362356658,1.19081449394
2.06999102148,0.958147947024,0.95542883153,1.18297217084
2.08001059346,0.9677650448,0.964353052096,1.17508821884
2.08998098696,0.977423768262,0.97305950097,1.16722863725
2.09998770046,0.987204277407,0.98164978964,1.15936474228
2.10999066034,0.997066221944,0.990076253587,1.15153081365
2.11999022151,1.00700825572,0.998338877333,1.14374058382
2.12998670465,1.01702902336,1.00646531701,0.466806811879
2.13998040201,1.02712716163,1.01440079512,0.456078409567
2.15001315672,1.0373445465,1.02218956539,1.1207328009
2.16000228332,1.04759378404,1.02982654679,0.435075343215
2.16998937622,1.05791626559,1.03730123452,0.424863028697
2.18001667642,1.06835452375,1.04463144073,0.41477217198
2.1899866258,1.07877542452,1.04410609248,-0.287295642493
2.20000399158,1.08921958287,1.04113107948,-0.306609005081
2.2099833372,1.09959351726,1.03797934557,-0.324981504028
2.21998266388,1.10995508044,1.03464310639,-0.342565791387
2.2264511692,1.11664109065,1.03238273065,-5.68171197897
2.24002019005,1.12011901964,0.973398210993,-0.608507797178
2.24998280611,1.12978624826,0.967302684545,-0.615175812769
2.25998913464,1.13943443411,0.961114353883,-0.621707354426
2.2699946711,1.14901961703,0.954862061973,-0.628055033214
2.27999950005,1.15854125675,0.948547693426,-0.634201031064
2.29000371788,1.16799884242,0.942173304544,-0.640126935588
2.30000743263,1.17739189385,0.93574112912,-0.645813758885
2.31001076361,1.18671996267,0.929253584096,-0.65124196047
2.32001384406,1.19598006674,0.922706215063,-0.656391815148
2.33001683974,1.20517693445,0.916115919791,-0.661241713261
2.34001987454,1.21430767787,0.909478661898,-0.665771327161
2.34998063208,1.22333363954,0.902826101213,-0.669942187798
2.35998441602,1.23233169251,0.896104775801,-0.673768197786
2.36998874856,1.24126280987,0.889346706833,-0.677208613019
2.37999381802,1.25012680249,0.882555731837,-0.680241024347
2.38999982076,1.25892352389,0.875735907253,-0.682842810236
2.40000696061,1.26765287174,0.868891511092,-0.684991200339
2.41001544833,1.27631478934,0.862027045041,-0.686663343772
2.41998421856,1.28487396416,0.855175631375,-0.687832600517
2.42999622062,1.29340146308,0.848285347819,-0.688485949082
2.44001023581,1.30186164703,0.841389832338,-0.688594838608
2.44998569155,1.31022060551,0.834522568349,-0.688139909988
2.46000458775,1.31854704593,0.827632876562,-0.687095414546
2.46998570358,1.32677351347,0.820782572024,-0.685448325819
2.48001042517,1.33496719249,0.81392201057,-0.683164155768
2.48998809094,1.34305722631,0.80712642468,-0.680249373734
2.50001961711,1.35111970381,0.800319906678,-0.676644638261
2.51001491328,1.3590853446,0.793577335076,-0.672367419094
2.52002435532,1.36699494849,0.786871548651,-0.667381351571
2.5299985356,1.37481018175,0.780242572198,-0.661697402875
2.53998746196,1.38257100062,0.773664230935,-0.655274611994
2.54999125506,1.39027784762,0.767144100298,-0.64809623913
2.56001003404,1.39793124105,0.76068995412,-0.640146784473
2.56999505159,1.40549491768,0.754340609183,-0.631456526196
2.57999560958,1.41300726859,0.7480722158,-0.621975683487
2.5900118108,1.42046902601,0.741892968189,-0.611693175473
2.59999536781,1.42784540069,0.7358402699,-0.600654978925
2.60999506871,1.43517369573,0.729892197227,-0.588805296585
2.62001099293,1.44245486549,0.724057232254,-0.576138209318
2.62999528666,1.44965552079,0.718370922558,-0.562716016575
2.63999623852,1.45681196003,0.712813424662,-0.548477476699
2.6500138984,1.46392536487,0.707393352806,-0.533422425402
2.66000083048,1.47096034928,0.702139023694,-0.517611612013
2.6700048449,1.47795890638,0.697042810256,-0.501014619638
2.67997874234,1.48488648092,0.692131032399,-0.483703618537
2.6900170654,1.49181022554,0.687365653447,-0.465522633193
2.69997862836,1.49863465177,0.682820813852,-0.446742741259
2.71000458328,1.50545843619,0.67843912197,-0.427115317464
2.72000119237,1.51221950299,0.674269714883,-0.40683811965
2.73001532455,1.51895166167,0.670299681319,-0.385837411224
2.74000054158,1.52562585622,0.66655382664,-0.364233648943
2.75000341082,1.5322754405,0.663020850215,-0.341951000093
2.75997773119,1.53887197724,0.659722963732,-0.319118913875
2.7700157553,1.54547859754,0.656636904539,-0.295550461116
2.7799794254,1.55200682567,0.653810458165,-0.271599631578
2.79000655637,1.55854941788,0.651209597014,-0.246966780637
2.80000543653,1.56504884832,0.648864521114,-0.22190658354
2.8100217657,1.57153737814,0.646768923472,-0.196338993476
2.8200100454,1.57798811902,0.644936370261,-0.170415741187
2.83001569652,1.58443303318,0.64336221601,-0.14405576183
2.83999345345,1.59084561428,0.642056886113,-0.117416011441
2.84998846424,1.59725756405,0.641017396456,-0.090414664494
2.86000053217,1.60367139986,0.640248119322,-0.0630898215391
2.86998474433,1.61006108787,0.63975463231,-0.0356043692755
2.87998585108,1.61645802833,0.639536440248,-0.00787609463879
2.88999473574,1.62289666468,0.639574744407,0.0138411320911
2.90001133246,1.629304603,0.639916150667,0.0330815967704
2.91000005384,1.63569952082,0.640555482929,0.0523069140281
2.92001396351,1.64211819689,0.64144148154,0.0715733518513
2.92999999141,1.64852942313,0.642623649454,0.0907509168899
2.94001090989,1.65496988056,0.644105373726,0.109906643738
2.94999395587,1.66140841392,0.645827213716,0.634020781539
2.960001595,1.66788165054,0.647873578834,0.147781310328
2.96998136779,1.67435841504,0.650156054566,0.166427098171
2.97998546202,1.68087532405,0.652733855139,0.184908583017
2.99001360343,1.68743512723,0.655579660252,0.203175728336
3.00001377116,1.69400650657,0.658707349728,0.221120684474
3.00998615509,1.70059199824,0.662086331564,0.238699707135
3.01998238131,1.70722832231,0.665725466935,0.255969402208
3.03000221756,1.7139181863,0.66962276529,0.790634556396
3.03999424627,1.72062981873,0.673787731153,0.289396196829
3.05000970933,1.72740014059,0.678204512735,0.305500598861
3.05999751344,1.73419705973,0.682854004046,0.845725677615
3.07000862014,1.74105766578,0.687774813422,0.336306212112
3.07999225498,1.74794948831,0.692892546395,0.350946077369
3.0899991255,1.75490982231,0.698246894381,0.365105453408
3.09997874247,1.76190576544,0.703815237396,0.378707990591
3.10998156613,1.76897485339,0.709611667773,0.93006100218
3.12000747176,1.7761195287,0.715632337788,0.945652785954
3.1300064168,1.7833061632,0.721852449538,0.416352587033
3.13997870506,1.79053646704,0.728239043441,0.427721511583
3.1500239655,1.79788505381,0.734857126169,0.98940718887
3.15999313512,1.80524469208,0.741609691737,1.00292259087
3.16998573874,1.81269010255,0.748562373026,1.01596191011
3.180001726,1.82022343774,0.755683226624,1.02848432673
3.18999191855,1.82780930794,0.762971934167,0.476020833915
3.20000569223,1.83548674206,0.770418982507,0.483943909791
3.20999413584,1.84321969633,0.777967740466,1.06283143513
3.22000639714,1.8510476071,0.785692801669,0.498009638756
3.22999382826,1.8589337503,0.793509024616,1.08305681583
3.24000535078,1.86691799454,0.801492147989,0.509835421507
3.24999256555,1.8749629131,0.809556312188,0.514921397908
3.26000416254,1.88310882978,0.817749849139,0.519491208299
3.26999199176,1.89131759667,0.826014597594,0.523521287837
3.28000453201,1.89963001372,0.834370969422,1.12458793916
3.28999386059,1.90800719679,0.842817924254,1.13140500181
3.30000823504,1.91649044103,0.851376734876,0.532664292119
3.3099999682,1.92504011439,0.859959847364,1.1436640041
3.3200170871,1.93369802424,0.868646673179,0.536440517045
3.33001212351,1.94242378203,0.877349438258,1.15414319461
3.33998545487,1.95121768328,0.886093433739,1.15874095509
3.34998479187,1.96012232784,0.894930157656,0.538984775858
3.36001020508,1.96913887699,0.903797173492,0.539062095773
3.37001461283,1.97822541645,0.912695153886,0.53881105226
3.37999836217,1.98738013845,0.921605419868,0.538230926135
3.3899852739,1.9966286913,0.930519154638,0.537323987279
3.39999117514,2.00598429463,0.93947102818,1.1787094793
3.4100161572,2.0154476929,0.948458351029,1.18091434338
3.41998251878,2.02494510738,0.957411853361,0.532984406726
3.43000724546,2.03458807087,0.966391413887,1.18449448469
3.44001269463,2.04430243704,0.975378684645,1.18592897952
3.44999914709,2.05408793837,0.984346459006,0.526546081521
3.46000546485,2.06398260817,0.993313223572,1.18813613761
3.46999315699,2.07394830811,1.00225691509,0.521348920851
3.48000091879,2.08402354097,1.01119608387,1.18957807576
3.48999037401,2.09416954397,1.0201092713,1.19006010163
3.50000004298,2.10442529094,1.02901505193,1.19039710746
3.50999166446,2.11475140428,1.03789257185,1.19061883501
3.52000358795,2.12518732915,1.04676039674,1.19072795951
3.52999765592,2.13569308369,1.05559826889,1.19075370172
3.5400120525,2.14630858351,1.06442471665,0.499581325438
3.55000871992,2.15699325378,1.073193699,1.19056296665
3.55998776149,2.16774646188,1.08193121431,0.492861191855
3.56998710525,2.17860882759,1.09065569194,0.489487928613
3.5800066232,2.18958044324,1.09936667238,0.486114739202
3.59000845284,2.20061958568,1.1080189471,1.18967518175
3.59999262317,2.21172553034,1.11663927237,1.18942521496
3.60999672094,2.22293981957,1.12524588014,1.18918584862
3.61998303242,2.23421990689,1.13382100218,0.472972429797
3.62998896894,2.2456077882,1.14238275231,0.469827596473
3.64001428595,2.25710339751,1.15090431535,1.18865983019
3.6499841013,2.26862013568,1.15937821021,0.463752323432
3.66001024543,2.28028693405,1.16785711873,1.18856828786
3.67001786879,2.29201691942,1.17630701148,1.18863352409
3.6800068456,2.30380923851,1.18472881215,0.455375390624
3.69001406245,2.31570721117,1.19311301259,1.18902113543
3.70000218225,2.3276662404,1.20149811184,0.4503779291
3.7100079159,2.3397300728,1.20984718128,1.18982901792
3.7199940277,2.3518536354,1.21819930031,0.445928025767
3.72999704092,2.36408109369,1.22651724178,1.19112140682
3.74001648847,2.37641218876,1.23488432333,0.442083491005
3.75001529949,2.38880115708,1.24317559071,1.19297253478
3.75999319097,2.40124708025,1.25147491214,1.19412584233
3.76998630157,2.41379493747,1.25979977459,0.437580222731
3.77999407748,2.42644441599,1.26812387518,0.436444204941
3.790015941,2.4391951877,1.27644852058,1.19860536606
3.80001510046,2.45200041619,1.2847870681,0.434754860623
3.80999117945,2.46485916612,1.29311349361,0.434224777571
3.82001582357,2.47786425747,1.30148847133,1.20477372665
3.8300162387,2.4909217608,1.30988233962,0.433813627721
3.83999199453,2.50403073874,1.31826911458,0.433946562836
3.8500141363,2.51728511543,1.32673729359,0.434325485098
3.86001033621,2.53058982597,1.33520198129,1.21602825612
3.87001566261,2.54399171948,1.34373628802,0.435816233283
3.87999386259,2.5574424376,1.35227096016,1.2231085702
3.89001513238,2.57103730541,1.36089474205,1.22705143295
3.90000781199,2.58467983455,1.36957874821,0.440025138772
3.9100064937,2.59841756421,1.37831273021,1.23578817
3.92001028002,2.61225007645,1.38712680851,0.444257061601
3.92998331447,2.62612817635,1.39597975871,1.24570871855
3.94000449866,2.64014883401,1.4,6.35308612087e-12
3.9500159902,2.65416484415,1.4,-6.33331361504e-12
3.9599880506,2.66812565117,1.4,6.31418066059e-12
3.96998998917,2.68212828752,1.4,6.29553119897e-12
3.97998585458,2.69612242157,1.4,0.0
3.99001025299,2.71015650161,1.4,-6.25974280451e-12
3.99999149983,2.72413016979,1.4,0.0
4.00999981891,2.73814173883,1.4,-6.22592289104e-12
4.01999894623,2.75214043938,1.4,1.24193475787e-11
4.02998811565,2.76612519878,1.4,0.0
4.04000252568,2.78014529466,1.4,0.0
4.05000569909,2.79414965912,1.4,-6.16336175521e-12
4.05999694222,2.80813732102,1.4,0.0
4.07001178391,2.8221580204,1.4,6.13434873331e-12
4.0800135506,2.83616041455,1.4,6.12035181504e-12
4.09000162061,2.85014363305,1.4,0.0
4.10001183811,2.86415785745,1.4,0.0
4.11000734793,2.87815149076,1.4,0.0
4.1199875994,2.89212376199,1.4,0.0
4.12998873853,2.90612527528,1.4,-6.05483842177e-12
4.14001048801,2.92015564231,1.4,0.0
4.15001576716,2.93416295043,1.4,0.0
4.16000411559,2.94814655508,1.4,6.01848093137e-12
4.17001206227,2.96215759646,1.4,-6.00676878468e-12
4.18000237041,2.97614394335,1.4,5.99525848366e-12
4.19001175418,2.99015699526,1.4,-5.98389396574e-12
4.20000287591,3.00414447976,1.4,0.0
4.21001263154,3.0181580508,1.4,0.0
4.22000358511,3.03214529834,1.4,0.0
4.23001281129,3.04615812658,1.4,-1.18797710426e-11
4.24000277767,3.06014399046,1.4,0.0
4.25001073508,3.0741550408,1.4,-1.18370940624e-11
4.2599990558,3.08813859911,1.4,-5.90801075254e-12
4.27000516467,3.1021470598,1.4,1.17950415894e-11
4.27999133903,3.11612761149,1.4,0.0
4.28999517597,3.13013288977,1.4,0.0
4.30001670797,3.14416294006,1.4,0.0
4.31001806904,3.15816475035,1.4,0.0
4.31999912843,3.17213813759,1.4,0.0
4.32999782445,3.18613621506,1.4,0.0
4.34001426332,3.20015913144,1.4,5.82498679308e-12
4.3500103825,3.21415359956,1.4,0.0
4.35998611963,3.22811953216,1.4,-5.80424981473e-12
4.37001807624,3.24216417059,1.4,0.0
4.37999145451,3.25612679909,1.4,5.78331419744e-12
4.38998295654,3.27011479984,1.4,0.0
4.39999279016,3.2841284638,1.4,-5.76214908128e-12
4.40998257341,3.29811405667,1.4,0.0
4.41999100878,3.31212576156,1.4,-5.74069010991e-12
4.43001835063,3.32616393459,1.4,-1.14596007484e-11
4.43998721547,3.34012023974,1.4,0.0
4.45001414208,3.35415783009,1.4,0.0
4.45998271832,3.36811372994,1.4,-5.69666600753e-12
4.4700099562,3.38215175491,1.4,0.0
4.48001814036,3.39616310436,1.4,0.0
4.49000736464,3.41014790973,1.4,-5.66246379476e-12
4.5000170151,3.42415940202,1.4,-4.70901910047e-12
4.50997656209,3.43810264111,1.4,-4.69925897328e-12
4.52000430057,3.45214134715,1.4,0.0
4.53000599209,3.46614358756,1.4,-4.67930727678e-12
4.53998170296,3.48010945528,1.4,-4.66920668228e-12
4.54997915754,3.49410576391,1.4,4.65897405174e-12
4.55999873645,3.5081330464,1.4,0.0
4.56999295341,3.52212482264,1.4,-4.63815867438e-12
4.58000985522,3.53614835768,1.4,-4.62757615338e-12
4.59000174016,3.55013686981,1.4,4.61691236337e-12
4.60001687193,3.56415792771,1.4,0.0
4.61000732325,3.57814443393,1.4,4.59524563648e-12
4.6200215775,3.59216426471,1.4,0.0
4.63001147181,3.60614999275,1.4,0.0
4.63997703988,3.62010166537,1.4,4.56203781919e-12
4.6500158901,3.63415593325,1.4,0.0
4.65998202244,3.64810839828,1.4,4.53941029296e-12
4.6700221904,3.66216451372,1.4,0.0
4.67998964615,3.67611883452,1.4,9.03289861295e-12
4.68998257793,3.69010882318,1.4,0.0
4.70000133911,3.70413497459,1.4,0.0
4.70999673064,3.7181284108,1.4,4.48147851822e-12
4.72001837957,3.73215860925,1.4,0.0
4.73001680677,3.74615629991,1.4,4.45785274747e-12
4.73999193579,3.76012137584,1.4,4.44601011887e-12
4.74999375132,3.77412381526,1.4,-4.43409615471e-12
4.76002255227,3.78816403682,1.4,0.0
4.76997793261,3.80210147322,1.4,0.0
4.78001080521,3.81614740115,1.4,0.0
4.7900206036,3.8301610287,1.4,0.0
4.80000716931,3.8441421341,1.4,0.0
4.81002123231,3.85816173906,1.4,-4.36208177112e-12
4.82001198423,3.87214871239,1.4,0.0
4.82997922686,3.88610277675,1.4,0.0
4.84002540293,3.90016735131,1.4,4.32600459921e-12
4.84999673545,3.91412714954,1.4,-4.31403594805e-12
4.85999578915,3.92812576145,1.4,-4.30205153769e-12
4.87002275107,3.94216344906,1.4,-4.29005502808e-12
4.88002589936,3.95616780219,1.4,4.27811167616e-12
4.89000497274,3.97013845511,1.4,-4.26622457229e-12
4.90001189374,3.98414809921,1.4,-4.2543344353e-12
4.90999448462,3.99812368599,1.4,0.0
4.92000494702,4.0121382976,1.4,-4.23067732666e-12
4.92999080229,4.02611846418,1.4,4.21891348009e-12
4.94000453675,4.0401376665,1.4,0.0
4.94999337318,4.05412201664,1.4,0.0
4.96001008839,4.06814540205,1.4,0.0
4.97000160928,4.08213352052,1.4,0.0
4.98002100897,4.0961606744,1.4,4.16051584514e-12
4.98998824444,4.11019300523,1.39998543636,-0.00749965442435
4.99999240517,4.12419859856,1.39996276066,-0.0265210848816
5.00997966078,4.13818053777,1.39999753753,-0.04536450016
5.01999477823,4.15220149247,1.39999213327,-0.0640744406696
5.02999283639,4.16619856755,1.3999512661,1.01436721823
5.03997974169,4.18017148879,1.39551101339,-1.19616847246
5.05001873221,4.19411999226,1.38342744079,-1.21102780223
5.05998943954,4.20785282556,1.37128429094,-1.22460441422
5.06998364082,4.2214958494,1.35898251857,-1.2370413382
5.08000234014,4.23504830625,1.34653164215,-1.24834731721
5.08999839594,4.24844526279,1.33400170521,-1.25849001824
5.10001969154,4.26174982525,1.32134393951,-1.26754359901
5.11001778621,4.27489673862,1.30863048154,-1.27549408859
5.11999166369,4.28788477528,1.29587382993,-1.28238195606
5.12999075347,4.300777594,1.28302102253,-1.28827792508
5.14001574057,4.31357450263,1.27008063707,-1.29321420871
5.15001539638,4.32620960282,1.25712832233,-1.29720707784
5.15998829846,4.33868170898,1.24417531587,-1.30030615208
5.16998614352,4.35105519757,1.23116310713,-1.30257188403
5.18000937362,4.36332940632,1.21809914511,-1.3040431719
5.19000370944,4.37543778705,1.20506194083,-1.3047578892
5.20002271198,4.38744524049,1.19198895494,-1.30476592477
5.21001047313,4.39928488973,1.17895997624,-1.3041130172
5.22002185175,4.41102197942,1.16590984109,-1.30284097941
5.22999924125,4.42258599412,1.1529222875,-1.30099784775
5.2399988545,4.43404914514,1.13992418164,-1.2986251694
5.25002067923,4.44540746919,1.12692348364,-1.29575675935
5.26000444961,4.45659325739,1.11400299198,-1.29245123818
5.27000854653,4.4676725947,1.10109136295,-1.2887292862
5.27997082021,4.47857743636,1.08827257945,-1.28465235489
5.29001398347,4.48944176076,1.07539253592,-1.28020388402
5.30001291626,4.50012995442,1.0626151343,-1.2754715243
5.3100291268,4.51070875893,1.04986446764,-1.27045985488
5.31999650627,4.5211094531,1.03722700163,-1.2652337134
5.32997819852,4.53139910385,1.02462465354,-1.2597899994
5.33997354285,4.5415770433,1.01206044783,-1.25415534014
5.34998181855,4.55164259903,0.999537221675,-1.24835501092
5.36000224361,4.56159509387,0.987057636665,-1.24241293609
5.37003397311,4.57143384573,0.974624190861,-1.23635169855
5.38000433727,4.58108911896,0.9623275132,-1.23023684786
5.38998192005,4.59062894315,0.950083331022,-1.22404631857
5.39996560507,4.60005262203,0.937893759469,-1.2177985004
5.41002932562,4.60942899022,0.925669793203,-1.21146317259
5.42002274454,4.61861843191,0.913594426963,-1.20515025664
5.43001849956,4.62768961025,0.901579393413,-1.19882814277
5.4400151719,4.63664181028,0.889626441225,-1.19251057607
5.45001126066,4.64547431278,0.877737257723,-1.18621024862
5.46000517989,4.65418639458,0.865913480656,-1.17993884554
5.46999515957,4.66278029456,0.854154056389,-1.17373234054
5.47997942769,4.67124933695,0.842465894403,-1.16755051757
5.48999031508,4.67962409315,0.830808272667,-1.16140629911
5.50002753775,4.68790401497,0.819181431431,-1.15530746069
5.51002033054,4.69603165103,0.807666531802,-1.14930321116
5.51996484834,4.70400607411,0.796266467715,-1.14340052751
5.53000268708,4.71194064724,0.784818562662,-1.13752087249
5.53998887212,4.71972064359,0.773487721527,-1.13175404569
5.54999442422,4.72740252309,0.762192232226,-1.12606247479
5.56001870707,4.73498572106,0.750932255737,-1.12045034822
5.56998313738,4.74241204227,0.739794806309,-1.11496393508
5.57996220496,4.74973830893,0.728695316488,-1.10956397982
5.59003569524,4.7570218178,0.717544966096,-1.10421088006
5.5999607615,4.76408840654,0.706611158189,-1.09903451365
5.60997838513,4.77111109938,0.695626985499,-1.09390965863
5.62000691046,4.7780314621,0.684681774904,-1.08888062072
5.62995870312,4.78479059952,0.673869664649,-1.08399104469
5.64000419108,4.79150448043,0.663004596517,-1.07915789889
5.64996738359,4.79805577516,0.65227598616,-1.07446624224
5.66002490912,4.80456090512,0.641492690248,-1.06983308854
5.66999411942,4.81090209715,0.630849559957,-1.06534248474
5.67996324857,4.81713734075,0.62025078025,-1.06095298118
5.69002742849,4.82332506205,0.609594822466,-1.05662362928
5.69999327292,4.82934684326,0.599085415849,-1.0524369298
5.70995390401,4.83526100998,0.588622705197,-1.04835144638
5.72000996989,4.84112631071,0.578100531176,-1.04432637537
5.72995631627,4.84682370868,0.567732492383,-1.04044266796
5.73999813687,4.85247135693,0.557303631552,-1.0366189478
5.75003075419,4.85800941895,0.546922189031,-1.03289520937
5.76005193965,4.86343735996,0.536589394299,-1.02927080102
5.76994570419,4.86869485796,0.526423156552,-1.02578450201
5.78005038074,4.87396076671,0.516075334608,-1.02231698189
5.79002242314,4.87905519087,0.505897234232,-1.01898590885
5.7999725801,4.88403741156,0.495774138132,-1.01575085803
5.81002169834,4.88896708712,0.485582588147,-1.01257221032
5.8200482099,4.89378373441,0.475445361914,-1.00948804376
5.83004890761,4.89848430131,0.465366021513,-1.00650066601
5.84002034992,4.90307342164,0.455344087335,-1.00360229103
5.84995883866,4.90754805079,0.445383624874,-1.0007951966
5.8599995966,4.91196830995,0.435348589919,-0.998040637653
5.87000599516,4.91627330534,0.425375009872,-0.995375512336
5.87997381268,4.92046257751,0.415466009089,-0.992798672334
5.89004853264,4.92459650803,0.405476446576,-0.990271894899
5.89992900003,4.92855306788,0.395703849059,-0.987868331511
5.91007237393,4.93251454559,0.385695540919,-0.985476134598
5.92001131105,4.93629778858,0.375912119873,-0.983204789474
5.93006106297,4.94002441617,0.366042212307,-0.980979831128
5.94005776682,4.94363303277,0.356246235346,-0.978836775783
5.94999514783,4.94712323666,0.346529284312,-0.976774425857
5.96004849995,4.95055596866,0.336719450192,-0.974755600128
5.97003917213,4.95386964561,0.32699055352,-0.9728153262
5.97995961092,4.95706389304,0.317348913403,-0.970952383504
5.99000149798,4.96019986795,0.30760774321,-0.969129858594
5.99996869868,4.96321581673,0.297956812748,-0.967382360473
6.01006586236,4.96617303105,0.288197495597,-0.965673024971
6.02008372351,4.96900965118,0.278531586284,-0.964036199199
6.03001190658,4.97172534965,0.2689680998,-0.962470515236
6.04007713503,4.9743816108,0.259288189072,-0.960938937264
6.05004614792,4.97691643273,0.249715736395,-0.95947551217
6.05990561008,4.97932951952,0.240262573836,-0.958078659549
6.06990892494,4.98168253261,0.230685314023,-0.956710632779
6.08007363996,4.98397533601,0.220967298288,-0.955368849
6.09012678767,4.98614576227,0.211369130072,-0.954086904802
6.10005055112,4.98819355489,0.201906921603,-0.952862304835
6.11014724828,4.99018058508,0.192292098048,-0.951654207382
6.12010220085,4.99204458356,0.182824023621,-0.950495914754
6.12989026658,4.99378532822,0.173525775881,-0.949383470317
6.13986085836,4.99546483124,0.164065217896,-0.948270382782
6.15004645206,4.9970829929,0.154412037185,-0.947145018648
6.16005750424,4.99857743291,0.144935420566,-0.946038485278
6.16985530624,4.99994797169,0.135671440535,-0.944939728695
6.1798857586,5.00125678109,0.126198777339,-0.943777184685
6.19020478833,5.00250378257,0.116466047817,-0.942508971496
6.19971828552,5.0035641304,0.1075051017,-0.941233124385
6.21011341438,5.00462484307,0.0977283859222,-0.939652377912
6.22025333608,5.00556106931,0.0882087755241,-0.937813522838
6.23004216354,5.00637269562,0.0790382669467,-0.935592306135
6.24024166943,5.00712207905,0.0695092479228,-0.93250973183
6.24999339874,5.00774670462,0.0604328029914,-0.928306438386
6.26029349718,5.00830897603,0.0508998401241,-0.921394944099
6.26997910847,5.00874636928,0.0420167447347,-0.910215532541
6.28050409739,5.00912132728,0.0325268548823,-0.885708061582
6.29006292335,5.00937132467,0.0242161514007,-0.830182211282
6.30165062384,5.00955883605,0.0152564225529,0
6.31165062384,5.00962134239,0.0107179215908,0
6.32165062384,5.00968384999,0.0,0
6.32165062384,5.00968384999,0.0,0
