Time,X,Y,Angle
0.0,0.0,-0.0,-0.017088209854888643
0.01,0.0020813679323043247,-3.5542851054555035e-05,-0.01706195936168384
0.02,0.004168255712183967,-7.112603957961337e-05,-0.017036485010334685
0.03,0.006260627660224096,-0.00010675034841343017,-0.01701177886836455
0.04,0.008358448192525816,-0.00014241655773596795,-0.016987833140048782
0.05,0.010461681820604876,-0.00017812544507156202,-0.016964640163615662
0.06,0.012570293151290397,-0.00021387778529158603,-0.016942192408516125
0.07,0.014684246886623589,-0.00024967435061711707,-0.01692048247276038
0.08,0.01680350782375645,-0.00028551591062160136,-0.016899503080319483
0.09,0.0189280408548505,-0.0003214032322335197,-0.016879247078589992
0.1,0.021057810966975513,-0.0003573370797390527,-0.016859707435920007
0.11,0.0231927832420082,-0.00039331821478474644,-0.01684087723919476
0.12,0.025332922856530944,-0.0004293473963801774,-0.01682274969148018
0.13,0.027478195081730515,-0.00046542538090061904,-0.016805318109722776
0.14,0.02962856528329679,-0.0005015529220897054,-0.016788575922504254
0.15,0.03178399892132145,-0.0005377307710620979,-0.0167725166678494
0.16,0.03394446155019675,-0.0005739596763061507,-0.016757133991085728
0.17,0.03610991881851416,-0.0006102403836865757,-0.016742421642753472
0.18,0.038280336468963144,-0.0006465736364471083,-0.016728373476564563
0.19,0.040455680338229834,-0.0006829601752131713,-0.016714983447409227
0.2,0.0426359163568958,-0.0007194007379945434,-0.01670224560940895
0.21,0.0448210105493367,-0.0007558960601880217,-0.01669015411401454
0.22,0.04701092903362107,-0.0007924468745800889,-0.016678703208148033
0.23,0.049205638021408954,-0.0008290539113495772,-0.01666788723238734
0.24,0.0519930932580804,-0.0008755157713589076,-0.016655086845085414
0.25,0.05709720266637174,-0.0009605082964310443,-0.01663430322256641
0.26,0.06222607957596691,-0.001045818790251668,-0.01661677880848512
0.27,0.06737931407112616,-0.0011314560663682547,-0.01660245046387964
0.28,0.07255649888335981,-0.0012174288645353222,-0.0165912573529218
0.29,0.07775722938475035,-0.0013037458508901693,-0.01658314084656603
0.3,0.08298110358127461,-0.0013904156181286165,-0.016578044431033525
0.31,0.08822772210612556,-0.001477446685680742,-0.016575913620850622
0.32,0.09349668821303501,-0.0015648474998866248,-0.016576695876178535
0.33,0.0987876077695951,-0.0016526264341720793,-0.016580340524189014
0.34,0.10410008925058074,-0.0017407917892243972,-0.016586798684256273
0.35000000000000003,0.11072134106535053,-0.0018507391274769618,-0.01659865289966615
0.36,0.11750701216176601,-0.0019635138062050607,-0.016615040141136152
0.37,0.1243250483541191,-0.0020769530105179223,-0.01663567982414244
0.38,0.1311746805000425,-0.0021910728836476217,-0.01666048794464631
0.39,0.1380551460448913,-0.0023058893848770675,-0.016689384153703277
0.4,0.14496568900006945,-0.0024214182901103696,-0.01672229158328813
0.41000000000000003,0.15190555992135582,-0.0025376751924432216,-0.016759136682088574
0.42,0.1588740158872313,-0.0026546755027332613,-0.016799849060604572
0.43,0.16673695107698108,-0.0027870426998590756,-0.01685012365275895
0.44,0.17489302747642133,-0.002924769890827869,-0.016906982273919076
0.45,0.18308436920361174,-0.0030635644713926007,-0.016968764479061666
0.46,0.19130985959876048,-0.0032034492872806387,-0.017035379329681345
0.47000000000000003,0.1995683936135409,-0.0033444468594590318,-0.01710674034255197
0.48,0.20785887776549677,-0.0034865793853344038,-0.01718276526381399
0.49,0.21618023009244738,-0.0036298687399528434,-0.017263375856801454
0.5,0.22527491074734204,-0.0037872323285742028,-0.017356277900766135
0.51,0.23464080043381777,-0.003950158758845487,-0.01745705302406403
0.52,0.24404097945530168,-0.004114613655281157,-0.017563268831815745
0.53,0.25347400723824853,-0.004280625615916588,-0.017674837204990745
0.54,0.26293846077221933,-0.004448222746706533,-0.0177916748249822
0.55,0.2724329345305594,-0.004617432663612617,-0.017913702922090075
0.56,0.282389423076423,-0.004796085205134819,-0.01804674476235779
0.5700000000000001,0.2928428056545449,-0.004985035736833428,-0.018191903257226038
0.58,0.30332698657123414,-0.005176017502420065,-0.01834301328793887
0.59,0.31384021892525527,-0.005369064029221667,-0.018499993445881192
0.6,0.32438078028913847,-0.005564208157656387,-0.01866276728830194
0.61,0.334946972584722,-0.005761482044508938,-0.018831263071041715
0.62,0.3461748570379795,-0.005972982964543504,-0.019016067703756946
0.63,0.3576453851072477,-0.006191108808928865,-0.019210906629218764
0.64,0.36913979994664,-0.00641183451900642,-0.01941219695080238
0.65,0.38065608544828944,-0.006635197112598076,-0.019619869706651492
0.66,0.39219225782334466,-0.006861232698574752,-0.019833860771900583
0.67,0.4041103114776419,-0.007097220743877598,-0.02006114413743284
0.68,0.4165131280506973,-0.007345545186358136,-0.02030432008988076
0.6900000000000001,0.4289319544275777,-0.007597062826614237,-0.020554558845670156
0.7000000000000001,0.44136450991280174,-0.00785181356264827,-0.020811802792833855
0.71,0.4538085552195624,-0.008109836125605825,-0.021075999087874785
0.72,0.4666611718930917,-0.008379599359952115,-0.02135590227869668
0.73,0.47994410830590467,-0.008661972365844803,-0.021652674284367734
0.74,0.49323251369621574,-0.008948191144541607,-0.021957191352037303
0.75,0.5065238795554647,-0.009238296858887168,-0.022269409963723567
0.76,0.5198157491107196,-0.009532329210643111,-0.022589291105916086
0.77,0.5337964432187228,-0.009845925670181213,-0.022934032097566164
0.78,0.5479035825993086,-0.01016696211608474,-0.02329053665604235
0.79,0.5620030339294486,-0.010492555015277386,-0.023655573302806977
0.8,0.5760921078552661,-0.010822744772665783,-0.02402911418244348
0.81,0.5905539991081229,-0.011166818053282469,-0.024421731445508067
0.8200000000000001,0.6054422262981625,-0.011526609059214784,-0.02483573779648312
0.8300000000000001,0.6203099558893098,-0.01189168197212682,-0.025259210943838834
0.84,0.63515430070374,-0.01226207609132404,-0.025692135142042452
0.85,0.6502533140612355,-0.012645009436178667,-0.026142982001665066
0.86,0.6658814616913646,-0.01304808642183206,-0.026620921881717604
0.87,0.6814741112164386,-0.013457226316881881,-0.02710938654053433
0.88,0.6970282240789553,-0.01387246501738538,-0.02760837192739228
0.89,0.7129044545473595,-0.014303800338109435,-0.028129962402031
0.9,0.7292254211191902,-0.014755303085679338,-0.028679304144545056
0.91,0.7454937017762365,-0.015213702260628474,-0.029240364738439505
0.92,0.7617061682809472,-0.01567902744034583,-0.02981314911159231
0.93,0.7784883909259078,-0.016169859972483134,-0.030420690845375766
0.9400000000000001,0.7954471445896517,-0.01667554845926307,-0.03105004247784775
0.9500000000000001,0.81233390111803,-0.017189012737560558,-0.031692444196344476
0.96,0.829329571343238,-0.01771603551691143,-0.03235516811693336
0.97,0.8469516268815327,-0.018273610817094225,-0.033059834234210786
0.98,0.864483604336997,-0.018839866094171345,-0.033778997281133726
0.99,0.8819223075708814,-0.019414810771214777,-0.03451265797931985
1.0,0.9000561284107137,-0.02002537183670956,-0.035295403298772184
1.01,0.9181993516116629,-0.02064954604469551,-0.03609928639493047
1.02,0.9362293407997173,-0.021283349543349445,-0.0369191990752771
1.03,0.9547944801523031,-0.02195042998117383,-0.03778591415507825
1.04,0.9735088511255392,-0.022638127375527797,-0.038683242632138695
1.05,0.9920883014028613,-0.023336430414780042,-0.039598176113312886
1.06,1.0111828222677992,-0.024070694949658078,-0.04056409538690482
1.07,1.0304211196081534,-0.02482798125090414,-0.041564210630487916
1.08,1.04950128125406,-0.025596871113063184,-0.042583458106071004
1.09,1.069216112885904,-0.026410514876397444,-0.043665923254959375
1.1,1.088923310153994,-0.02724387892033698,-0.04477845705652615
1.11,1.1085453010397563,-0.028094112624187522,-0.045917166979362906
1.12,1.1288642642612086,-0.02899669891257438,-0.047129634781683645
1.1300000000000001,1.1489773283168443,-0.02991298034586637,-0.04836389552052887
1.1400000000000001,1.1693885056787352,-0.030866755212134545,-0.049651791252702755
1.1500000000000001,1.1900686416830795,-0.03185838306892533,-0.050993604285457884
1.16,1.2105554430819465,-0.03286656785629247,-0.0523601005754656
1.17,1.2317760526458919,-0.03393876217469038,-0.05381509688794989
1.18,1.2527399181170928,-0.0350266699507392,-0.0552923653725743
1.19,1.2741464516189562,-0.03616782489378207,-0.05684191837906933
1.2,1.2955930249346888,-0.03734266918054091,-0.058435985278679235
1.21,1.3172175256380114,-0.03856014186013771,-0.06008515912842651
1.22,1.3391086538373338,-0.03982718619380446,-0.061796865163381405
1.23,1.3610157068190742,-0.04113089806832837,-0.06355126377376627
1.24,1.3833082237903738,-0.04249521184767077,-0.06537749526180847
1.25,1.4055543700046909,-0.04389549797229553,-0.0672389007153319
1.26,1.4282010580758293,-0.045361750868438015,-0.06917077561434258
1.27,1.45083272210405,-0.04686899367376799,-0.0711346783191478
1.28,1.4737840095495909,-0.04844119802133685,-0.07315523453614035
1.29,1.4968359041689874,-0.050065309529431765,-0.07520757313403688
1.3,1.5200424269503956,-0.05174650853285778,-0.07728898776841629
1.31,1.5435368511366756,-0.05349624812621491,-0.07940215150440535
1.32,1.5669529492604934,-0.05528815280366394,-0.0815026768090219
1.33,1.5909003753122164,-0.057170283787338655,-0.08363109825246931
1.34,1.614785411412812,-0.05909712388438875,-0.08571780978002703
1.35,1.6388897088520833,-0.06109118209587347,-0.0877682795331794
1.36,1.663258315955891,-0.06315651169160011,-0.08976320297419722
1.37,1.6876510738801187,-0.06527193519943134,-0.09165776000762195
1.3800000000000001,1.712312654469279,-0.06745721136499265,-0.0934430303639869
1.3900000000000001,1.737185930313978,-0.069705605894955,-0.09508311697312258
1.4000000000000001,1.7621404946874906,-0.07200232709624434,-0.09653771798234997
1.41,1.7872709569032914,-0.07435212479574074,-0.09778053241667554
1.42,1.812508551074547,-0.0767437946487465,-0.09877685708875916
1.43,1.8376060510600207,-0.07914777346299873,-0.09949303030221539
1.44,1.8625570073643953,-0.08155640386573536,-0.09991375755365019
1.45,1.8873261050879853,-0.08395893992476582,-0.10003004547870308
1.46,1.9118949998512873,-0.08634616933033804,-0.09984093275728023
1.47,1.93630444786442,-0.08871473859034686,-0.099351458668692
1.48,1.960583404368544,-0.09106037044922474,-0.09857146020498098
1.49,1.9845828587566028,-0.09336208300198114,-0.09752394106049926
1.5,2.0084421092818836,-0.09562722126923388,-0.09622583255192475
1.51,2.032200743985089,-0.09785389651340608,-0.09469868089717833
1.52,2.0556825360394377,-0.10002088268425381,-0.09298189376992605
1.53,2.078995385699643,-0.1021343302026638,-0.09109758407467397
1.54,2.1022555604455593,-0.10420116430116869,-0.08906384669451062
1.55,2.125179933901691,-0.10619378860655981,-0.08693369598020749
1.56,2.1479820606472635,-0.10812922494061186,-0.08471445537805578
1.57,2.17074959738404,-0.11001308211527,-0.08242072760349785
1.58,2.193077366840841,-0.11181159462158574,-0.08011561426544378
1.59,2.21546073132416,-0.11356463137031923,-0.0777673829084386
1.6,2.237519621207551,-0.11524245273529157,-0.07543225619089942
1.61,2.25946097686317,-0.11686177483603091,-0.07310254843938707
1.62,2.2812787011502036,-0.11842274921244256,-0.07079064378348766
1.6300000000000001,2.302789841898564,-0.11991377183647492,-0.06852545971342518
1.6400000000000001,2.3243246693390502,-0.12135892464710055,-0.06628002709542809
1.6500000000000001,2.345431038556058,-0.12272959809479823,-0.06410734516027589
1.6600000000000001,2.3666349723379865,-0.12406156301236586,-0.061957875009351765
1.67,2.387377280955333,-0.12532146785896678,-0.059891511301413854
1.68,2.4081997414727248,-0.12654410825529874,-0.05785644291367551
1.69,2.4286342924046997,-0.12770367097558644,-0.05589986903994607
1.7,2.449025053825368,-0.12882173217046963,-0.05398922633052103
1.71,2.469223075436582,-0.1298915938145575,-0.052138861713979086
1.72,2.4891343910396926,-0.13091039959211181,-0.05035654715953456
1.73,2.5091808115724525,-0.13190094461736115,-0.04860435043065717
1.74,2.5285687638076966,-0.13282614369128798,-0.04695000573951301
1.75,2.5482164076852167,-0.13373158720422662,-0.0453137024693428
1.76,2.567386070359625,-0.1345845410062212,-0.043755814368581676
1.77,2.586447970252814,-0.13540356925718205,-0.04224396618785547
1.78,2.6056602710805397,-0.1362003622474556,-0.040757160228556105
1.79,2.624101785708511,-0.13693872725794382,-0.03936422604480395
1.8,2.64275826412468,-0.13765994493113864,-0.03798841390447105
1.81,2.6612721712708165,-0.1383506404262259,-0.036655495152023175
1.82,2.679255635280229,-0.1389982440085763,-0.035390865777007896
1.83,2.697431629758956,-0.1396299807576974,-0.034142034780959285
1.84,2.7153543159485656,-0.14023097559051834,-0.03293868876177499
1.85,2.7328104102976702,-0.1407958500519938,-0.03179270896985451
1.86,2.750436791631131,-0.14134618327083512,-0.030660859214153784
1.87,2.767899852565102,-0.14187197612921876,-0.02956382615419205
1.8800000000000001,2.7847650630410428,-0.14236178893575013,-0.028526638583080872
1.8900000000000001,2.8017791088487023,-0.1428383946661305,-0.02750180688658838
1.9000000000000001,2.8189384165322604,-0.143301600769625,-0.02648942402279977
1.9100000000000001,2.835154830936199,-0.1437235520835494,-0.02555162325407965
1.92,2.851499817603642,-0.1441336127424808,-0.02462443678527631
1.93,2.8679724862175995,-0.14453169427781537,-0.023707763118745482
1.94,2.8840521938647266,-0.1449058536874033,-0.022829600636325154
1.95,2.8996763102053174,-0.14525600834675412,-0.021991568116865184
1.96,2.9154091822489345,-0.1455954867416096,-0.02116240662359939
1.97,2.9312497470323753,-0.14592422454030074,-0.020341999726714084
1.98,2.946425273903489,-0.14622707371030066,-0.019569181037947216
1.99,2.961371427897247,-0.146513973460769,-0.018820215013895372
2.0,2.9764079739126084,-0.14679140066898363,-0.018078521818471357
2.0100000000000002,2.991533787448964,-0.14705930958857877,-0.01734398658643305
2.02,3.0060247160907143,-0.1473056293798327,-0.016650809211667256
2.0300000000000002,3.0202131096459786,-0.14753714243862814,-0.01598176669599835
2.04,3.0344752291071035,-0.1477603572605286,-0.015318579125504918
2.05,3.0488099708982688,-0.1479752421993904,-0.014661141620984905
2.06,3.0628912085149462,-0.14817721139589557,-0.014023952983285204
2.07,3.076245325118988,-0.1483605130200757,-0.013427310295948732
2.08,3.089658304946727,-0.14853664986324555,-0.012835290614175208
2.09,3.1031291244455703,-0.14870560079291373,-0.01224780290447017
2.1,3.116656721817338,-0.14886734559041942,-0.011664754159859682
2.11,3.129598697807733,-0.1490147462494511,-0.011113222786724171
2.12,3.14208721248099,-0.1491502499898711,-0.010586648629015597
2.13,3.1546206357784574,-0.14927966235955986,-0.01006356647345601
2.14,3.1671980366725245,-0.14940297056557142,-0.009543899125799346
2.15,3.1798184561043596,-0.1495201624873955,-0.009027568031267882
2.16,3.192010491171954,-0.14962721663672868,-0.008533467077821716
2.17,3.203526542396972,-0.14972282647477486,-0.008070867736530997
2.18,3.2150755727111076,-0.1498133818134011,-0.00761081995673939
2.19,3.226656785720481,-0.14989887557055387,-0.007153261218959719
2.2,3.2382693654003267,-0.1499793011366843,-0.006698128036648695
2.21,3.2499124759658984,-0.15005465237814522,-0.006245355939711799
2.22,3.2607080630748273,-0.15011982537210342,-0.00582861510933003
2.23,3.2711578972799162,-0.15017864005548356,-0.005427941580597773
2.24,3.281630129864303,-0.1502333937235023,-0.005029002846850395
2.25,3.2921241111817663,-0.15028408330266713,-0.004631750174201979
2.2600000000000002,3.3026391786157463,-0.15033070603272952,-0.004236134130629562
2.27,3.313174656505914,-0.1503732594686174,-0.00384210456790684
2.2800000000000002,3.323286545655515,-0.15041020854255469,-0.0034660504604017944
2.29,3.3325106476544044,-0.15044060539635096,-0.00312476680792072
2.3000000000000003,3.341748776680439,-0.15046790063934587,-0.0027845796943655535
2.31,3.351000450921534,-0.1504920934475962,-0.0024454538967501253
2.32,3.3602651808070885,-0.15051318318505838,-0.002107353715592907
2.33,3.369542468970863,-0.15053116940456582,-0.0017702429611020402
2.34,3.37883181021385,-0.1505460518488056,-0.0014340849385470948
2.35,3.388097836774598,-0.15055779212830186,-0.0011000963270451501
2.36,3.3958902831381597,-0.1505652737499,-0.0008202025598142531
2.37,3.403690139281413,-0.15057058165124065,-0.0005409012769200687
2.38,3.41149709164611,-0.15057371610408923,-0.0002621697733974866
2.39,3.4193108227463274,-0.1505746774755885,1.6014942639636086e-05
2.4,3.4271310111532225,-0.15057346622865955,0.0002936761581060286
2.41,3.4349573314797985,-0.15057008292240334,0.0005708374634075573
2.42,3.442789454365653,-0.15056452821250127,0.0008475227612708969
2.43,3.4506270464617432,-0.15055680285161682,0.0011237562759529797
2.44,3.4579266251975778,-0.15054766266922287,0.0013804805088562513
2.45,3.4639197062724,-0.15053875873669553,0.0015908831746793907
2.46,3.46991544227992,-0.15052859001174348,0.0018010613393376082
2.47,3.4759136782849653,-0.15051715698570917,0.002011026344383332
2.48,3.4819142579718942,-0.15050446018354663,0.002220789656445033
2.49,3.487917023640639,-0.1504905001639257,0.0024303628702113424
2.5,3.4939218162027434,-0.15047527751933654,0.0026397577115093033
2.5100000000000002,3.4999284751774,-0.15045879287619357,0.0028489860404798434
2.52,3.505936838687486,-0.15044104689493998,0.0030580598548531394
2.5300000000000002,3.511946743455607,-0.15042204027015169,0.003266991293327132
2.54,3.5179580248001328,-0.15040177373064212,0.003475792639051958
2.5500000000000003,3.5239705166312336,-0.15038024803956582,0.003684476323223823
2.56,3.526939677729275,-0.15036915526425193,0.003787477758032382
2.57,3.52942656744,-0.15035962893267232,0.003873724119186782
2.58,3.5319136093308723,-0.15034988753657455,0.003959954484173478
2.59,3.5344007913945177,-0.15033993113631108,0.004046169760716161
2.6,3.536888101581991,-0.15032975979324864,0.004132370861240847
2.61,3.539375527802734,-0.1503193735697698,0.004218558702925107
2.62,3.5418630579245245,-0.15030877252927388,0.00430473420774791
2.63,3.544350679773429,-0.15029795673617868,0.004390898302540074
2.64,3.546838381133756,-0.1502869262559213,0.0044770519190354815
2.65,3.5493261497480058,-0.15027568115495962,0.004563195993922762
2.66,3.5518139733168246,-0.15026422150077356,0.004649331468897811
2.67,3.554301839498956,-0.15025254736186636,0.00473545929071692
2.68,3.556789735911191,-0.1502406588077656,0.004821580411250586
2.69,3.559277650128326,-0.1502285559090248,0.0049076957875380245
2.7,3.5617655696831068,-0.15021623873722453,0.004993806381842379
2.71,3.564253482066186,-0.15020370736497357,0.0050799131617066525
2.72,3.5667413747260754,-0.15019096186591033,0.005166017100010359
2.73,3.569229235069094,-0.15017800231470402,0.005252119175026881
2.74,3.5717170504593247,-0.15016482878705598,0.005338220370481665
2.75,3.574204808218565,-0.1501514413597009,0.005424321675610995
2.7600000000000002,3.5766924956262764,-0.1501378401104081,0.005510424085221688
2.77,3.5791800999195376,-0.15012402511798262,0.0055965285997515
2.7800000000000002,3.5816676082930003,-0.1501099964622668,0.005682636225330315
2.79,3.584155007898838,-0.15009575422414143,0.005768747973842127
2.8000000000000003,3.586642285846697,-0.1500812984855267,0.00585486486298784
2.81,3.589129429203651,-0.15006662932938397,0.005940987916348877
2.82,3.591616424994153,-0.15005174683971667,0.006027118163451615
